"","logFC","AveExpr","t","P.Value","adj.P.Val","B"
"hsa-miR-1245b-5p",-0.453663160868687,-0.0832494482068965,-3.26232967351308,0.00284479280611426,0.988851430081525,-3.01479232061681
"hsa-miR-509-5p",0.423851766363637,0.140802209655172,2.98458444987848,0.00573982708655723,0.988851430081525,-3.26041439797718
"hsa-miR-3190-3p",-0.576681678888889,0.0341181724137931,-2.87834344792227,0.00746111087076993,0.988851430081525,-3.35314312151266
"hsa-miR-423-5p",0.350477838383838,2.00428175862069,2.80798983292302,0.00885775919055452,0.988851430081525,-3.41404571069706
"hsa-miR-1305",0.73126325909091,1.62133666896552,2.80564828255009,0.00890822528977053,0.988851430081525,-3.41606508037423
"hsa-miR-3131",-0.425017814040404,-0.16734582137931,-2.79999876520956,0.00903110070412929,0.988851430081525,-3.42093515509751
"hsa-miR-626",-0.326945512121212,0.169034771724138,-2.78615463687319,0.00933897090512516,0.988851430081525,-3.43285650762389
"hsa-miR-612",-0.217814691919191,3.55404468965517,-2.64490790063738,0.0130943271259939,0.988851430081525,-3.55336256838541
"hsa-miR-513c-5p",-0.36655195050505,1.59095883103448,-2.61723502108905,0.0139783013068446,0.988851430081525,-3.57671058811921
"hsa-miR-30b-5p",-0.26355382020202,1.22132792068966,-2.59863156852185,0.0146033874834968,0.988851430081525,-3.5923543015099
"hsa-miR-1296-5p",-0.368670318686869,-1.21793373793103,-2.50383802808238,0.0182104128806425,0.988851430081525,-3.67137373145637
"hsa-miR-1287-5p",-0.182035077272726,1.23216216206897,-2.45240062071873,0.0204955403908348,0.988851430081525,-3.71373393306627
"hsa-miR-3195",0.574491675959596,-0.548828492068966,2.44447484960557,0.0208701904250477,0.988851430081525,-3.72022669962162
"hsa-miR-450a-2-3p",0.434786331818183,1.53410580344828,2.40421297090369,0.0228721447076,0.988851430081525,-3.75306226345177
"hsa-miR-222-3p",0.534649945454546,1.37217835517241,2.39349547423967,0.0234338794201037,0.988851430081525,-3.76176068303915
"hsa-miR-200c-3p",-0.210578693585859,-0.283501319655172,-2.36464258433758,0.0250093144807158,0.988851430081525,-3.78508720528452
"hsa-miR-331-3p",-0.295613637373739,-1.37626885517241,-2.36396470767148,0.0250474624355658,0.988851430081525,-3.78563363079457
"hsa-miR-630",0.783478356060607,1.52888756206897,2.35313262385704,0.0256642792240082,0.988851430081525,-3.79435501263448
"hsa-miR-541-3p",0.209364728787879,0.709259124137931,2.33968348539246,0.0264493477983392,0.988851430081525,-3.80515659040732
"hsa-miR-378f",-0.498764905050505,1.44824508965517,-2.32055753096792,0.0276034134440047,0.988851430081525,-3.82046537419466
"hsa-miR-504-5p",0.402603392929293,-1.43982757931034,2.30345642268135,0.0286738017349893,0.988851430081525,-3.83410078213937
"hsa-miR-548b-3p",-0.25949877340404,0.286955473,-2.29303392146322,0.02934447587075,0.988851430081525,-3.84238631352378
"hsa-miR-584-5p",-0.211193518131313,0.224271391034483,-2.28709198786178,0.0297331577930427,0.988851430081525,-3.84710146629775
"hsa-miR-568",0.247993112121212,1.1152503862069,2.26992221744974,0.030882604437352,0.988851430081525,-3.86069135648278
"hsa-miR-4435",-0.29122393939394,-2.6103635862069,-2.19865042455022,0.0360948318293052,0.988851430081525,-3.91653065472524
"hsa-miR-764",-0.29580395959596,2.84456627586207,-2.18884950187429,0.0368702583935002,0.988851430081525,-3.92413502759776
"hsa-miR-1202",-0.200852933434343,0.623387493448276,-2.15449836904496,0.0397072232528287,0.988851430081525,-3.9506406240602
"hsa-miR-215-5p",-0.245399452525253,0.795793737931034,-2.12641627038875,0.0421696284004406,0.988851430081525,-3.97213560276731
"hsa-miR-767-5p",-0.323927244040404,-0.139943702413793,-2.12141322767588,0.0426223291484404,0.988851430081525,-3.97594841243215
"hsa-miR-1257",0.162255776767677,0.340910972413793,2.11827067913238,0.0429088897312575,0.988851430081525,-3.97834073595406
"hsa-miR-548j-3p",0.483379284848485,-2.06464090344828,2.11111950496745,0.0435673827383848,0.988851430081525,-3.98377717133234
"hsa-miR-891b",-0.193392271616162,0.703964709655172,-2.0998671883255,0.0446217120579495,0.988851430081525,-3.99231005258801
"hsa-miR-592",0.169468055555556,1.37360593103448,2.09829568675021,0.0447707489822387,0.988851430081525,-3.99349967202648
"hsa-miR-512-5p",0.341491091919192,1.03599564827586,2.04849803651688,0.0497278886471127,0.988851430081525,-4.03092702139485
"hsa-miR-373-3p",0.211644808080809,1.85138662068966,2.03302105104517,0.0513643188535652,0.988851430081525,-4.04245108511473
"hsa-miR-660-5p",0.453275629949495,0.103304338275862,2.01177189518343,0.0536882599499307,0.988851430081525,-4.0581875056123
"hsa-miR-615-3p",-0.308081501515151,1.50610838275862,-2.00476686101077,0.0544743754636347,0.988851430081525,-4.06335325328993
"hsa-miR-576-3p",0.288077738383838,-1.78761414482759,2.00099508851607,0.0549018211263229,0.988851430081525,-4.06613014019299
"hsa-miR-506-3p",0.29129350959596,1.4636773137931,1.99325609597088,0.0557880861874817,0.988851430081525,-4.0718178003228
"hsa-miR-578",-0.305172579131313,0.155866232,-1.98771855424306,0.0564299174319707,0.988851430081525,-4.07587924078597
"hsa-miR-22-3p",0.410350463838384,0.0691947848275862,1.98434654280299,0.0568239132754467,0.988851430081525,-4.07834899606071
"hsa-miR-595",0.22642515959596,1.13222522758621,1.98407909371511,0.0568552656948434,0.988851430081525,-4.07854477268708
"hsa-miR-548ak",-0.293772214545454,1.20154561,-1.96066154479662,0.0596598244515063,0.988851430081525,-4.09562333624928
"hsa-miR-3196",-0.346913254136364,-0.886037985551724,-1.93582490366507,0.0627655940688287,0.988851430081525,-4.11359814004225
"hsa-miR-367-3p",0.230242567676768,1.61933436551724,1.92947939600224,0.0635813113820927,0.988851430081525,-4.11816730727644
"hsa-miR-328-3p",0.286751991717172,-0.255801477586207,1.92801338811253,0.0637710728969342,0.988851430081525,-4.11922157166827
"hsa-miR-411-5p",-0.362929000808081,0.39581137,-1.92359330000318,0.0643461964033755,0.988851430081525,-4.12239714677398
"hsa-miR-484",-0.317554066666668,-1.33736527586207,-1.89721894647637,0.0678724103477462,0.988851430081525,-4.14124850720836
"hsa-miR-3690",0.320184052121213,0.721624016551724,1.88511476344403,0.0695459643665981,0.988851430081525,-4.14984386647859
"hsa-miR-1271-5p",-0.537132684681818,-0.173568937344828,-1.87223966671267,0.0713651308803742,0.988851430081525,-4.15894735536803
"hsa-miR-448",-0.278424372727272,1.43157435517241,-1.85117799895959,0.0744295026346622,0.988851430081525,-4.17375095408079
"hsa-miR-641",-0.367358222222224,-3.17996555172414,-1.84884407848375,0.0747759444604079,0.988851430081525,-4.17538459265859
"hsa-miR-32-5p",-0.283784481818181,1.15338001034483,-1.84533507301304,0.0752994218485651,0.988851430081525,-4.17783816750934
"hsa-miR-1287-3p",0.217221742424243,2.78826262068966,1.84139534702431,0.0758909040072529,0.988851430081525,-4.18058922510276
"hsa-miR-199a-3p+hsa-miR-199b-3p",-0.422877548232323,0.948211224137931,-1.83355594675358,0.0770797303288205,0.988851430081525,-4.18605173180452
"hsa-miR-378g",0.320056813131314,1.69934413793103,1.83171538706314,0.0773611512838894,0.988851430081525,-4.18733198379242
"hsa-miR-1269a",-0.203449477858586,-0.0300447693793103,-1.80049494246404,0.0822705728562307,0.988851430081525,-4.20891649580617
"hsa-miR-199a-5p",-0.289819750353536,-0.36277007,-1.80042692232398,0.0822815529858807,0.988851430081525,-4.20896324846952
"hsa-miR-5010-3p",0.207263853535354,2.11717337931034,1.79751550954357,0.0827527006153396,0.988851430081525,-4.21096324240649
"hsa-miR-339-3p",-0.208376295959596,0.745417093103448,-1.79446553898139,0.0832487370751116,0.988851430081525,-4.2130560600953
"hsa-miR-4521",-0.319922636363636,2.39890803448276,-1.78391799428789,0.0849837386142412,0.988851430081525,-4.22027486480505
"hsa-miR-2682-5p",-0.199060070707071,1.85416434482759,-1.78380746381676,0.0850020819247805,0.988851430081525,-4.2203503587195
"hsa-miR-548ah-5p",0.223037646464646,2.99052293103448,1.77731675763493,0.0860851853257085,0.988851430081525,-4.22477798954904
"hsa-miR-1180-3p",0.386040504242424,0.946757043448276,1.76929961654754,0.0874391836256559,0.988851430081525,-4.23023158444433
"hsa-miR-526a+hsa-miR-518c-5p+hsa-miR-518d-5p",0.216502368686868,2.21320431034483,1.76831190163339,0.0876072416357781,0.988851430081525,-4.2309022961455
"hsa-miR-3158-3p",0.220575072676768,0.174955579655172,1.75644045281313,0.0896486937427621,0.988851430081525,-4.23894342124957
"hsa-miR-4421",0.381480203030304,1.05242092068966,1.75600055706871,0.0897251080033043,0.988851430081525,-4.23924066490911
"hsa-miR-708-5p",0.478405135353534,-1.79101912758621,1.74616494608912,0.0914481164380699,0.988851430081525,-4.24587322954081
"hsa-miR-362-3p",-0.413315210606061,-1.50566225172414,-1.72746265220369,0.0948016560592456,0.988851430081525,-4.25841326918103
"hsa-miR-1246",0.588625528787878,-2.57809163103448,1.72657530613854,0.0949633126771816,0.988851430081525,-4.25900589220588
"hsa-miR-4454+hsa-miR-7975",0.631035834848485,2.03819270344828,1.72510786315622,0.0952311613426684,0.988851430081525,-4.25998546965497
"hsa-miR-125b-5p",-0.148327305050505,1.21962109655172,-1.71367350377372,0.0973401362151748,0.988851430081525,-4.26759827943103
"hsa-miR-4787-3p",-0.529508790303031,-0.652270875172414,-1.71273165997108,0.0975155904169845,0.988851430081525,-4.26822375195281
"hsa-miR-210-5p",-0.262839598353535,0.181255565758621,-1.71242310301971,0.0975731287036624,0.988851430081525,-4.26842860985329
"hsa-miR-548ad-3p",-0.341324592424243,-0.627758365517241,-1.70463176624568,0.0990355128108893,0.988851430081525,-4.27359279725071
"hsa-miR-196a-5p",0.235696303030304,2.01274637931034,1.70260790874084,0.099418376856785,0.988851430081525,-4.27493150282817
"hsa-miR-193a-3p",-0.184988878787878,2.79939613793103,-1.70162846498896,0.0996041093999094,0.988851430081525,-4.27557896279597
"hsa-miR-490-5p",0.273656561111112,1.45232610344828,1.67720831380869,0.10432990163983,0.988851430081525,-4.29163594721503
"hsa-miR-378d",0.162287737373738,2.09948586206897,1.67558363405025,0.10465085460462,0.988851430081525,-4.29269832913781
"hsa-miR-208a-3p",0.253309256313132,1.02766207413793,1.66886773380156,0.105986337898984,0.988851430081525,-4.29708201838271
"hsa-miR-509-3-5p",-0.15346256060606,1.78687389655172,-1.66461276670848,0.106839794912615,0.988851430081525,-4.29985281394874
"hsa-miR-195-5p",-0.178953008585858,0.700076544827586,-1.65951726251628,0.107869381103863,0.988851430081525,-4.30316424092595
"hsa-miR-885-5p",0.458528413131313,-1.48572955172414,1.65060627934418,0.109689782567236,0.988851430081525,-4.3089375779681
"hsa-miR-514b-3p",-0.249444179797981,-0.646588368965517,-1.65025793708606,0.109761460558332,0.988851430081525,-4.3091628076655
"hsa-miR-548a-3p",0.335844637070707,0.782910426206897,1.64895424582854,0.110030065513462,0.988851430081525,-4.3100054366587
"hsa-miR-1301-3p",-0.268979317373737,0.902458417931034,-1.64131793140144,0.111614406947837,0.988851430081525,-4.31493137197048
"hsa-miR-628-5p",-0.409664732878789,-0.984908892758621,-1.63654833059048,0.112613557872315,0.988851430081525,-4.31799963105696
"hsa-miR-3185",-0.202410115252525,0.680023838275862,-1.61002779200794,0.118305339965512,0.988851430081525,-4.33494069831157
"hsa-miR-552-3p",-0.240896146717172,0.182497188965517,-1.60922546348182,0.118481171178716,0.988851430081525,-4.33545004284066
"hsa-miR-134-5p+hsa-miR-6728-5p",0.412084463838383,-0.814620061034483,1.60656962172255,0.119064741277043,0.988851430081525,-4.33713472054948
"hsa-miR-523-3p",0.421479664141414,2.37282476896552,1.60485477406582,0.119442804429546,0.988851430081525,-4.33822140536983
"hsa-miR-542-5p",-0.150310888888888,1.4851794137931,-1.5992848870416,0.120677602291266,0.988851430081525,-4.34174506889934
"hsa-miR-1275",-0.409486889898989,-2.12740316896552,-1.59060340628382,0.122623167602173,0.988851430081525,-4.3472190816527
"hsa-miR-502-3p",-0.290022395959596,1.59176598275862,-1.58146538432927,0.124698836546318,0.988851430081525,-4.35295699408458
"hsa-miR-664b-5p",0.397050027272727,-1.64035481724138,1.57611677831958,0.125927077522962,0.988851430081525,-4.3563040164469
"hsa-miR-210-3p",0.261239776262627,0.943135055172414,1.56728888807411,0.127975976932009,0.988851430081525,-4.3618097058371
"hsa-miR-323b-3p",0.190022486868687,1.39796691724138,1.55797905941569,0.130166209823437,0.988851430081525,-4.3675907856277
"hsa-miR-539-5p",-0.192183274494949,0.0516733731034483,-1.54787329660125,0.132578255418356,0.988851430081525,-4.37383670194544
"hsa-miR-1-3p",0.197860147979798,-0.857032137931034,1.53305634395536,0.13618051395969,0.988851430081525,-4.38293869231749
"hsa-miR-585-3p",-0.188205627777777,1.5980577862069,-1.51946021091392,0.139555565550966,0.988851430081525,-4.39123206288691
"hsa-miR-328-5p",-0.277068296060606,-0.778236797586207,-1.5176862257338,0.140000890017339,0.988851430081525,-4.3923099946504
"hsa-miR-31-5p",-0.295780989393939,1.10743192758621,-1.49930096439744,0.144684216318544,0.988851430081525,-4.40342454405228
"hsa-miR-30e-3p",-0.274027383535354,0.630970933103448,-1.49016483514406,0.147058059655459,0.988851430081525,-4.40890883326658
"hsa-miR-624-3p",-0.265046068838384,0.925795280344828,-1.47498103126437,0.151072516149129,0.988851430081525,-4.41796600530496
"hsa-miR-6511a-3p",-0.262970234343436,-1.76694794137931,-1.46692013901939,0.15323919912434,0.988851430081525,-4.42274503010777
"hsa-miR-518d-3p",-0.341102240909091,-1.66652815862069,-1.46033182444052,0.155028484707182,0.988851430081525,-4.42663583726009
"hsa-miR-376c-3p",0.255768922666667,0.398776155586207,1.45914185294804,0.155353436621458,0.988851430081525,-4.42733712954103
"hsa-miR-375",0.219421367373737,-0.429081701034483,1.44839303400947,0.158313391595551,0.988851430081525,-4.43365149037708
"hsa-miR-619-3p",-0.276579041414142,-1.0962836137931,-1.44654673167003,0.158826312593341,0.988851430081525,-4.4347324082101
"hsa-miR-144-3p",-0.596182690707071,1.00518923689655,-1.44195903511696,0.160106552607463,0.988851430081525,-4.43741358217384
"hsa-miR-6511a-5p",-0.412952524747475,-1.12088730344828,-1.44150635643567,0.160233320807557,0.988851430081525,-4.43767777663103
"hsa-miR-379-5p",-0.10965656060606,2.35884396551724,-1.44051379169807,0.160511558326883,0.988851430081525,-4.438256833341
"hsa-miR-338-5p",-0.182090487121212,0.652150836206897,-1.4404529374675,0.160528629591137,0.988851430081525,-4.43829232514088
"hsa-miR-520e",0.300794231707071,0.104437759862069,1.43899558781695,0.160937887381451,0.988851430081525,-4.43914193727734
"hsa-miR-548n",0.372312246515152,-0.185552871724138,1.42561218005436,0.164735159731146,0.988851430081525,-4.44691250615466
"hsa-miR-620",-0.120186782828283,1.47700796551724,-1.42125877944988,0.165985547270975,0.988851430081525,-4.44942776115426
"hsa-miR-141-3p",0.165124914141414,1.66121231034483,1.4185211388629,0.166775695789599,0.988851430081525,-4.45100635838884
"hsa-miR-1233-3p",0.297147417474747,-1.07872422172414,1.41795362605837,0.166939865402599,0.988851430081525,-4.45133329935812
"hsa-miR-126-3p",-0.288186661868687,0.318044890689655,-1.41336344095502,0.168272412950559,0.988851430081525,-4.45397386040795
"hsa-miR-297",-0.357807812777778,-0.476753492068966,-1.40563300068885,0.170535568661113,0.988851430081525,-4.4584054958105
"hsa-miR-4284",-0.21866133550505,0.159762646206897,-1.40310964027789,0.171279480428695,0.988851430081525,-4.45984787181749
"hsa-miR-181b-2-3p",-0.13825323989899,1.12658881034483,-1.40181716733781,0.171661503616646,0.988851430081525,-4.46058586055084
"hsa-miR-544a",0.232211058939394,-0.557452574827586,1.40144767200428,0.171770840651561,0.988851430081525,-4.46079673881552
"hsa-miR-1915-3p",0.310073623232323,-1.95311614482759,1.39643032827407,0.173260954388491,0.988851430081525,-4.46365584009356
"hsa-miR-6720-3p",-0.302527927424243,-0.529072654137931,-1.38808323056923,0.175762492026887,0.988851430081525,-4.46839419765665
"hsa-miR-3615",-0.27379998479798,0.431277227241379,-1.38502743234597,0.176685342318229,0.988851430081525,-4.47012317367786
"hsa-miR-504-3p",-0.168228113636364,-0.747664913793103,-1.38061640484586,0.178024169648221,0.988851430081525,-4.47261354455915
"hsa-miR-512-3p",-0.286604502626263,-0.161482838275862,-1.37155836573028,0.180798357905749,0.988851430081525,-4.4777074763545
"hsa-miR-92a-1-5p",-0.181493033838384,-1.55967242413793,-1.36933344769021,0.181484923222732,0.988851430081525,-4.47895456021303
"hsa-miR-3179",0.193812614191919,-0.0505541310344828,1.36406197510154,0.183119722825431,0.988851430081525,-4.48190273693379
"hsa-miR-134-3p",-0.231301581363636,0.238608962413793,-1.36282757182576,0.18350419362055,0.988851430081525,-4.48259177391431
"hsa-miR-532-5p",-0.406833695464646,-0.525971524758621,-1.362304430037,0.183667322670509,0.988851430081525,-4.48288363653907
"hsa-miR-345-3p",0.261987694242424,-0.978669040689655,1.36135996926071,0.183962116115172,0.988851430081525,-4.48341032497159
"hsa-miR-654-3p",0.182837486464646,-0.630558855517241,1.35453226103043,0.186104222557797,0.988851430081525,-4.48720906932617
"hsa-miR-105-5p",0.251620182323233,1.58738801034483,1.35415941355132,0.186221755307959,0.988851430081525,-4.48741606544981
"hsa-miR-548ar-3p",0.238233692929293,1.07984399310345,1.352414326679,0.18677262702354,0.988851430081525,-4.48838428206628
"hsa-miR-580-3p",-0.243071390909092,-1.33239139310345,-1.34634681300335,0.188697824856482,0.988851430081525,-4.49174279554449
"hsa-miR-1261",-0.126080702020201,1.88475589655172,-1.34368665011696,0.18954672686884,0.988851430081525,-4.49321138819854
"hsa-miR-107",-0.196858196464647,-1.02644464482759,-1.34305275720046,0.189749449046987,0.988851430081525,-4.49356099198939
"hsa-miR-652-5p",0.315886833333332,-2.64354568965517,1.34100721677122,0.190404770236528,0.988851430081525,-4.4946882298746
"hsa-miR-429",0.257775638181818,-0.500617383793103,1.34008102289358,0.19070206750734,0.988851430081525,-4.49519816820474
"hsa-miR-561-3p",-0.249996175757576,-0.964056268965517,-1.33756801312149,0.191510526076875,0.988851430081525,-4.49658031993434
"hsa-miR-1276",-0.355583964646464,-3.07727262068966,-1.33653440286912,0.191843817464599,0.988851430081525,-4.49714819021243
"hsa-miR-639",-0.188662527272727,0.648809301724138,-1.33383357475208,0.192716828998491,0.988851430081525,-4.49863034715137
"hsa-miR-1193",0.132390523232324,1.09096541724138,1.33328929898777,0.192893131388741,0.988851430081525,-4.49892873785478
"hsa-miR-598-3p",-0.218433231818181,0.913041065517241,-1.32922499411488,0.194213591513537,0.988851430081525,-4.50115378452136
"hsa-miR-517c-3p+hsa-miR-519a-3p",-0.200641537878787,1.40195557241379,-1.32344554521482,0.196103300185454,0.988851430081525,-4.50430823696317
"hsa-miR-491-5p",0.25729535520202,-0.894376656206897,1.31037437654266,0.200429457997718,0.988851430081525,-4.51140096342143
"hsa-miR-924",0.271771833333333,-2.26796796551724,1.30750248076292,0.201389724539568,0.988851430081525,-4.51295156971703
"hsa-miR-30c-5p",0.147993279606061,0.293234289586207,1.29973971955952,0.204003009369269,0.988851430081525,-4.51712884539717
"hsa-miR-320d",-0.22383006919192,-1.56658435517241,-1.29041278403591,0.207177125189159,0.988851430081525,-4.52212066529569
"hsa-miR-4741",-0.147583595272727,0.684544765586207,-1.27740473884445,0.211666798161213,0.988851430081525,-4.52903289718748
"hsa-miR-483-3p",0.132387964646466,3.32682306896552,1.27223655923851,0.213470988220564,0.988851430081525,-4.53176302538792
"hsa-miR-607",0.197600867171716,1.67959005862069,1.26447161680233,0.216203625406871,0.988851430081525,-4.53584758633969
"hsa-miR-758-3p+hsa-miR-411-3p",-0.123251041919192,-0.664245389655172,-1.26292873578297,0.216749739721115,0.988851430081525,-4.53665669891961
"hsa-miR-101-3p",0.165437853535354,1.85802934482759,1.25865473836029,0.218268008971491,0.988851430081525,-4.53889374792769
"hsa-miR-135b-5p",-0.116232041111111,0.514936695517241,-1.25753478050761,0.218667183398517,0.988851430081525,-4.53947889652052
"hsa-miR-642a-5p",-0.176783965393939,0.499578129793103,-1.25593883194067,0.219236963541094,0.988851430081525,-4.54031198543142
"hsa-miR-301b-5p",0.201620938181818,1.16855958758621,1.25540105617266,0.21942921098769,0.988851430081525,-4.54059250638773
"hsa-miR-561-5p",0.104710520202021,2.08001617241379,1.25476748133855,0.219655868712727,0.988851430081525,-4.54092287026012
"hsa-miR-548k",0.200690422121212,0.000217246551724131,1.25204875374299,0.220630486123161,0.988851430081525,-4.54233890768858
"hsa-miR-376c-5p",-0.293739254040405,-1.64955526551724,-1.24329690865505,0.223790040570264,0.988851430081525,-4.54687978858304
"hsa-miR-3168",-0.143942227171717,-0.68228622137931,-1.24310722669531,0.223858894009303,0.988851430081525,-4.54697790896414
"hsa-miR-28-5p",-0.12186156060606,1.76684148275862,-1.23524383705067,0.226727308157158,0.988851430081525,-4.55103448304495
"hsa-miR-92b-3p",-0.12122365030303,0.423802017068966,-1.22755601990183,0.229558270669819,0.988851430081525,-4.55497953555606
"hsa-miR-182-3p",0.462339790909091,-1.13798243448276,1.22558010521539,0.230290141093682,0.988851430081525,-4.5559901350329
"hsa-miR-324-5p",0.115728442929293,0.642694234482759,1.22088919535434,0.232034626129504,0.988851430081525,-4.55838383956911
"hsa-miR-18b-5p",0.18949288989899,-0.544881231034483,1.22002137572888,0.232358436121553,0.988851430081525,-4.55882582571047
"hsa-miR-1302",0.168684588888889,1.22252452068966,1.21913878110626,0.232688105265098,0.988851430081525,-4.55927506443712
"hsa-miR-200b-3p",-0.16276092550505,0.33355799,-1.20978994630139,0.236201575364711,0.988851430081525,-4.56401670848399
"hsa-miR-197-5p",-0.177124878787878,1.70402303448276,-1.20952243416544,0.236302689796813,0.988851430081525,-4.5641519332431
"hsa-miR-1277-3p",0.195261438939394,-0.559560047931035,1.20455324524655,0.238186809756203,0.988851430081525,-4.56665919802797
"hsa-miR-34c-5p",-0.207051742424243,-1.12117033448276,-1.19670774335969,0.241184206363262,0.988851430081525,-4.57059989319789
"hsa-miR-10b-5p",0.147504356060607,1.30673274482759,1.1784279436324,0.248276323566336,0.988851430081525,-4.57969646269686
"hsa-miR-1255a",-0.157978064696969,0.899615814137931,-1.17820644027985,0.248363193898853,0.988851430081525,-4.5798059561225
"hsa-miR-224-5p",-0.216348613131312,1.65109415517241,-1.17634452402203,0.249094294867959,0.988851430081525,-4.58072564171043
"hsa-miR-4485-3p",0.194810404040404,1.22712687931034,1.1751856174217,0.249550150747084,0.988851430081525,-4.58129745035645
"hsa-miR-516b-5p",-0.21971895,1.58419367931034,-1.1745409050615,0.249804013863012,0.988851430081525,-4.58161534493187
"hsa-miR-302d-3p",-0.666540833333333,-5.793717,-1.17121776753304,0.251115551483571,0.988851430081525,-4.58325154728189
"hsa-miR-548y",-0.185441044242424,1.15254977689655,-1.16992298535824,0.251627928349381,0.988851430081525,-4.58388797981211
"hsa-miR-601",0.206214269161616,-0.792284378344828,1.16903086667828,0.251981407863059,0.988851430081525,-4.58432613752514
"hsa-miR-548m",0.180637169242424,0.43500116862069,1.16526170285821,0.253478866953803,0.988851430081525,-4.58617417146153
"hsa-miR-498",-0.229287175454545,0.647397632413793,-1.16496341770084,0.25359765128523,0.988851430081525,-4.5863202030639
"hsa-miR-1226-3p",-0.150862997727273,0.245754229310345,-1.16424118557666,0.253885430483195,0.988851430081525,-4.5866736536767
"hsa-miR-124-3p",0.275523452525252,1.94187090689655,1.15815566668024,0.256319760681008,0.988851430081525,-4.58964434690682
"hsa-miR-942-5p",0.181430576262627,0.9785883,1.15753577636118,0.256568683940522,0.988851430081525,-4.58994620023615
"hsa-miR-26a-5p",0.259494435353535,-1.21560792068966,1.15725807216665,0.256680256179261,0.988851430081525,-4.59008138220694
"hsa-miR-1293",0.0956388535353545,2.28609486206897,1.15374631694919,0.25809422223631,0.988851430081525,-4.59178844086513
"hsa-miR-152-3p",-0.182742821414141,0.614158415172414,-1.1347988541997,0.265821314624314,0.988851430081525,-4.60092155115671
"hsa-miR-516a-3p+hsa-miR-516b-3p",0.127087247474748,1.82734089655172,1.13103437041397,0.26737630652039,0.988851430081525,-4.60272055085197
"hsa-miR-361-5p",-0.242858091161616,0.409660997586207,-1.13059735126845,0.267557251305046,0.988851430081525,-4.60292906151738
"hsa-miR-370-3p",0.158083353030303,-1.07273086551724,1.12741016400811,0.268879564368335,0.988851430081525,-4.6044476215283
"hsa-miR-185-5p",0.184416195454546,1.45491032068966,1.12379906067571,0.270383453445996,0.988851430081525,-4.60616366807848
"hsa-miR-1910-5p",0.273756863636365,1.96084931034483,1.12282843442973,0.27078871624303,0.988851430081525,-4.60662410872361
"hsa-miR-423-3p",0.123313557070707,1.39355136896552,1.12001840018504,0.271964452240997,0.988851430081525,-4.60795517073159
"hsa-miR-219a-2-3p",0.179720097676768,-0.46493998,1.1196496906226,0.27211899529532,0.988851430081525,-4.60812960677143
"hsa-miR-889-3p",0.150187575757577,3.45290603448276,1.11953492603986,0.272167111297016,0.988851430081525,-4.60818389157344
"hsa-miR-142-5p",0.260218259242424,-0.610664690689655,1.11899834000829,0.27239216077544,0.988851430081525,-4.60843763802671
"hsa-miR-1254",-0.167969201010101,0.7672687,-1.10935752086516,0.276458473291047,0.988851430081525,-4.61297866131142
"hsa-miR-133a-3p",0.154458834848485,1.33365781724138,1.10680329730738,0.277543060907952,0.988851430081525,-4.61417602033746
"hsa-miR-128-1-5p",-0.195785428818182,0.421475308482759,-1.10667405434915,0.277598021704591,0.988851430081525,-4.61423654242451
"hsa-miR-616-3p",0.146349020202021,1.9071745862069,1.10622733245423,0.277788051077027,0.988851430081525,-4.61444568658224
"hsa-miR-1228-3p",0.189279529393939,0.856983366896552,1.10577968895369,0.277978566007235,0.988851430081525,-4.61465518838033
"hsa-miR-548o-3p+hsa-miR-548ah-3p+hsa-miR-548av-3p",0.18936953539899,0.359762343827586,1.10065057635697,0.280168176890665,0.988851430081525,-4.61705038726113
"hsa-miR-4536-5p",0.150462840404041,1.07387978965517,1.09741817771208,0.281554404899553,0.988851430081525,-4.61855486293238
"hsa-miR-1258",0.113994254545455,1.5206038,1.09309764257101,0.283414925731892,0.988851430081525,-4.62055975826887
"hsa-miR-769-3p",-0.138016984090909,-0.159655319827586,-1.09227536547123,0.283770007828374,0.988851430081525,-4.62094054329846
"hsa-miR-4516",0.237417427171717,0.0267097417241379,1.08649638356715,0.286274479219623,0.988851430081525,-4.62360963302636
"hsa-miR-3147",-0.224375676767675,2.77266920689655,-1.08143826655502,0.28847941199347,0.988851430081525,-4.62593560101352
"hsa-miR-409-5p",-0.312627904040405,-3.07827827586207,-1.08050487800413,0.288887608328867,0.988851430081525,-4.626363778146
"hsa-miR-564",0.0858597444444449,1.00781174482759,1.08027011197418,0.288990342394374,0.988851430081525,-4.62647142227105
"hsa-miR-203a-3p",0.184831825494949,-0.507921858758621,1.07754274842235,0.290185741401371,0.988851430081525,-4.62772045913421
"hsa-miR-4425",0.210215759191919,-0.202490503448276,1.07549173840175,0.29108700087415,0.988851430081525,-4.62865792339844
"hsa-miR-196b-5p",0.189698304747475,-0.250414711724138,1.07276755979975,0.292287126894746,0.988851430081525,-4.62990064938833
"hsa-miR-221-3p",0.173469904040404,1.66384120689655,1.07090142564168,0.2931112616624,0.988851430081525,-4.63075035035795
"hsa-miR-122-5p",-0.449333520202022,-3.83599524137931,-1.07017425603907,0.293432843359248,0.988851430081525,-4.63108109794149
"hsa-miR-3136-5p",0.265507187878788,-0.451910510344828,1.06979662801229,0.293599942930706,0.988851430081525,-4.63125278122854
"hsa-miR-329-3p",0.213672096,-0.398958682586207,1.06926676996205,0.29383451723775,0.988851430081525,-4.63149358389283
"hsa-miR-378c",0.173370965656565,-2.10531571034483,1.05925028843078,0.298293835626188,0.988851430081525,-4.63602596857699
"hsa-miR-151b",-0.16005818510101,-0.223838194827586,-1.05843554648241,0.298658639248968,0.988851430081525,-4.63639297963876
"hsa-miR-625-5p",0.126578423015152,0.596713400448276,1.05841479814482,0.298667933484103,0.988851430081525,-4.63640232274339
"hsa-miR-551b-3p",-0.147327843434343,2.3193084137931,-1.05840804534323,0.298670958451054,0.988851430081525,-4.63640536353682
"hsa-miR-1295a",0.138099717070707,0.237999482413793,1.05814714712503,0.298787846207289,0.988851430081525,-4.63652283316574
"hsa-miR-33b-5p",0.160019040404042,2.77350265517241,1.05784227174414,0.298924477363464,0.988851430081525,-4.63666007117441
"hsa-miR-874-3p",0.193428176767676,-2.3103764137931,1.05583188033845,0.29982654175476,0.988851430081525,-4.63756416419774
"hsa-miR-323a-5p",0.289140156565656,-2.70966175862069,1.05329415202055,0.300967949151857,0.988851430081525,-4.63870323782437
"hsa-miR-449c-5p",0.172699821212122,1.03635806206897,1.05050558063587,0.302225689610618,0.988851430081525,-4.63995211137728
"hsa-miR-593-3p",0.117556230808082,1.6050477,1.04855514593064,0.303107587202415,0.988851430081525,-4.64082388261026
"hsa-miR-135a-5p",-0.247857292424242,-1.48811215172414,-1.04758888493107,0.303545152851895,0.988851430081525,-4.64125523440967
"hsa-miR-1322",-0.139508733565657,0.116242942275862,-1.04671802616966,0.303939894591777,0.988851430081525,-4.64164369599949
"hsa-miR-363-5p",0.170941501515153,0.850947896551724,1.0440067297097,0.305171165478449,0.988851430081525,-4.64285128606877
"hsa-miR-675-5p",-0.134059151515151,1.77488131034483,-1.04149806966598,0.306313513104212,0.988851430081525,-4.643966153596
"hsa-miR-520d-3p",0.124314290909091,1.53276739655172,1.04137453295141,0.306369843969231,0.988851430081525,-4.64402099287829
"hsa-miR-4488",-0.160201691919191,2.65967889655172,-1.04002779284301,0.306984405848878,0.988851430081525,-4.64461845149104
"hsa-miR-874-5p",0.161129318181818,-2.36162148275862,1.03215920336014,0.310592279662438,0.988851430081525,-4.64809551270165
"hsa-miR-335-5p",0.1894687489899,1.99651116206897,1.02660018096992,0.313158874370467,0.988851430081525,-4.65053786276271
"hsa-miR-410-3p",0.187210020202021,0.732404386206897,1.02403080520319,0.314350106497073,0.988851430081525,-4.65166275328252
"hsa-miR-509-3p",-0.125180979696969,0.477846322758621,-1.02006981905544,0.316192665553868,0.988851430081525,-4.65339198689937
"hsa-miR-599",-0.283993321616161,0.777034944137931,-1.01761370022697,0.317338936869253,0.988851430081525,-4.65446124891855
"hsa-miR-33a-5p",-0.134059148939394,0.350336999655172,-1.015678398271,0.318244160997019,0.988851430081525,-4.65530215769232
"hsa-miR-1245a",0.19300913969697,0.33520267,1.01538040667769,0.318383702568772,0.988851430081525,-4.65543151139533
"hsa-miR-27a-3p",0.174476903484848,-0.401248517241379,1.01510830912403,0.318511155492548,0.988851430081525,-4.65554959533351
"hsa-miR-16-5p",0.355733370707071,1.71150555862069,1.01203706840235,0.319952191322607,0.988851430081525,-4.65688048477642
"hsa-miR-365a-3p+hsa-miR-365b-3p",-0.149050359595959,1.51124083448276,-1.01119126200498,0.320349833485819,0.988851430081525,-4.65724637430303
"hsa-miR-378i",0.195987354545454,1.83902113103448,1.01074368040073,0.320560394275223,0.988851430081525,-4.65743988433411
"hsa-miR-506-5p",-0.168315927121212,-0.224078880689655,-1.00940344585138,0.321191465108575,0.988851430081525,-4.65801887192861
"hsa-miR-520a-5p",-0.0961105202020198,1.96185589655172,-1.00838602947536,0.321671101916559,0.988851430081525,-4.65845794272057
"hsa-miR-525-5p",0.145509868838385,1.40868080241379,1.00734003283239,0.322164725198048,0.988851430081525,-4.65890893534377
"hsa-miR-99b-5p",-0.168422931818182,-1.35897231034483,-0.998545202739773,0.326335728855564,0.988851430081525,-4.66268437428414
"hsa-miR-1469",-0.137687067878788,0.00520382413793103,-0.991615703484508,0.329648002894685,0.988851430081525,-4.66563819525096
"hsa-miR-1268a",0.230364630479798,0.200452506034483,0.988615551071379,0.331089152213757,0.988851430081525,-4.66691134519406
"hsa-miR-1200",0.15292895959596,1.78668675862069,0.980426158540578,0.335044806988931,0.988851430081525,-4.67036898697443
"hsa-miR-369-5p",0.198829394646464,-1.25802220931034,0.979593307734954,0.335448880652684,0.988851430081525,-4.67071917772113
"hsa-miR-507",0.229623721717171,-1.75571964137931,0.978530554327087,0.335964975582429,0.988851430081525,-4.67116564778106
"hsa-miR-320e",0.429633636363639,4.66131648275862,0.978507183084007,0.335976331182022,0.988851430081525,-4.67117546130728
"hsa-miR-1290",0.283988106212121,1.66817137482759,0.978198910531889,0.336126138724512,0.988851430081525,-4.67130488446022
"hsa-miR-181d-3p",-0.228411959595961,-1.30302634137931,-0.977955735666574,0.336244343442782,0.988851430081525,-4.67140695155857
"hsa-miR-937-3p",-0.127278732323232,0.955963437931034,-0.977425717544276,0.336502077180764,0.988851430081525,-4.67162933551834
"hsa-miR-485-5p",0.164823217171716,-1.74305079310345,0.976147131753703,0.33712437001832,0.988851430081525,-4.67216535587726
"hsa-miR-132-3p",-0.141877507070707,0.823777282758621,-0.975918423737738,0.33723576519819,0.988851430081525,-4.67226117040639
"hsa-miR-1304-5p",-0.0965975333333331,1.12239188965517,-0.97103608684773,0.339619711157765,0.988851430081525,-4.67430174910251
"hsa-miR-628-3p",-0.093704172020202,0.503884269310345,-0.969949671966314,0.340151729361197,0.988851430081525,-4.67475456446568
"hsa-miR-520g-3p",-0.107884265151515,0.812229365517241,-0.964080067534123,0.343035800260035,0.988851430081525,-4.67719310294638
"hsa-miR-1262",-0.140154678282828,1.2341986862069,-0.963881970689405,0.343133422705936,0.988851430081525,-4.6772751699132
"hsa-miR-922",0.15724574469697,0.221928529310345,0.963486109974888,0.343328559488159,0.988851430081525,-4.67743912034271
"hsa-miR-1178-3p",-0.24199678479798,0.33818432,-0.960940012110727,0.344585424106348,0.988851430081525,-4.67849216516389
"hsa-miR-371b-5p",0.136594010101011,1.80597996551724,0.96091581051983,0.344597385874236,0.988851430081525,-4.67850216267836
"hsa-miR-2113",0.150749627727273,0.293365128275862,0.95404388690285,0.34800515380072,0.988851430081525,-4.68133171009396
"hsa-miR-1304-3p",0.197822385353536,1.05153988275862,0.952323036517838,0.348862038934933,0.988851430081525,-4.6820374057955
"hsa-miR-23b-3p",0.171736018484849,1.47996298172414,0.949471224749385,0.350285182289639,0.988851430081525,-4.68320435584418
"hsa-miR-515-5p",-0.140741095858586,0.0893442386206896,-0.945403872610111,0.352321616675003,0.988851430081525,-4.68486322119985
"hsa-miR-9-5p",0.157240909040404,0.281933766206897,0.942968769353801,0.35354458795238,0.988851430081525,-4.68585328981073
"hsa-miR-3202",-0.167718631313131,-1.99033468965517,-0.939011030396393,0.355538286164348,0.988851430081525,-4.68745749828116
"hsa-let-7f-5p",-0.160793676767677,-2.90910048275862,-0.935525772803354,0.35730014472625,0.988851430081525,-4.68886512763709
"hsa-miR-184",-0.19018968030303,2.04058640344828,-0.927410014658698,0.361425193171721,0.988851430081525,-4.69212451127705
"hsa-miR-382-3p",-0.126619163888889,0.521371355172414,-0.925454870304747,0.362423628054949,0.988851430081525,-4.69290586317492
"hsa-miR-873-5p",0.193979614949495,-0.793252567586207,0.923683243863294,0.363329914877847,0.988851430081525,-4.69361257925631
"hsa-miR-371a-5p",-0.0813822772727271,0.960222910344828,-0.923459534771304,0.363444460767056,0.988851430081525,-4.69370173103723
"hsa-miR-455-3p",0.194089367929293,-0.0221188810344828,0.92013962120586,0.365147153132162,0.988851430081525,-4.69502246210422
"hsa-miR-4787-5p",0.0926788090909096,1.53174613103448,0.919957132794972,0.365240898260014,0.988851430081525,-4.69509493429153
"hsa-miR-760",0.140953333277778,0.304894344172414,0.917776643700591,0.366362249261761,0.988851430081525,-4.6959598662131
"hsa-miR-148b-3p",0.180479891212121,0.850792553103448,0.916121363486292,0.367215011177599,0.988851430081525,-4.69661521602665
"hsa-miR-96-5p",0.0857086565656573,1.90091806896552,0.91581693902632,0.367371985249302,0.988851430081525,-4.69673562482709
"hsa-miR-524-3p",0.147474821717172,0.898376131034483,0.915753580679049,0.367404661014148,0.988851430081525,-4.69676068032763
"hsa-miR-520d-5p+hsa-miR-527+hsa-miR-518a-5p",0.149141296868687,0.345714428965517,0.913756293044124,0.368435698182283,0.988851430081525,-4.69754971188644
"hsa-miR-513a-3p",0.223826438247475,-0.210599871137931,0.911271817827282,0.369720873822655,0.988851430081525,-4.69852901583763
"hsa-miR-1204",0.112309365505051,0.0738425013793104,0.910542606439308,0.370098638308121,0.988851430081525,-4.69881598707083
"hsa-miR-1268b",-0.133461157575757,1.61716596896552,-0.908082394214219,0.371375001344697,0.988851430081525,-4.69978262389953
"hsa-miR-591",0.112232520202021,1.77420034482759,0.906026543768502,0.372443783141832,0.988851430081525,-4.70058855324575
"hsa-miR-1278",-0.138244471717172,1.9101513862069,-0.9049661377878,0.372995843636624,0.988851430081525,-4.70100359904893
"hsa-miR-1236-3p",-0.083115774242424,1.08427461034483,-0.903627367910931,0.373693585442759,0.988851430081525,-4.70152696332207
"hsa-miR-3065-3p",-0.16853513030303,-0.505607751724138,-0.903534988253129,0.373741763337586,0.988851430081525,-4.7015630511305
"hsa-miR-202-3p",0.133592788383839,1.82671306551724,0.902956105851653,0.374043754558545,0.988851430081525,-4.7017891129035
"hsa-miR-181a-2-3p",-0.173831086363635,1.82268382068966,-0.901534583570704,0.374786008011668,0.988851430081525,-4.70234367588024
"hsa-miR-383-5p",0.205098926464647,1.25801712896552,0.899128572817733,0.376044498553045,0.988851430081525,-4.70328048705903
"hsa-miR-543",-0.143232856666667,-0.0646081075862069,-0.896720797878682,0.377306658005418,0.988851430081525,-4.70421569365047
"hsa-miR-499a-3p",-0.076924247474746,2.02696844827586,-0.891989463061865,0.379794830299352,0.988851430081525,-4.70604671244988
"hsa-miR-575",0.0794659893939399,0.589993755172414,0.890742424997872,0.380452402699903,0.988851430081525,-4.70652783756345
"hsa-miR-4792",0.175945191818182,-1.00418477862069,0.888242518494922,0.38177283816866,0.988851430081525,-4.70749048047124
"hsa-miR-614",0.150410980555556,-0.675169239655172,0.883862416675387,0.384093508206849,0.988851430081525,-4.70917115485194
"hsa-miR-129-5p",-0.135995513787878,0.667209343103448,-0.883789087979325,0.384132436491174,0.988851430081525,-4.70919922673446
"hsa-miR-5196-5p",0.0826300555555561,1.50002237931034,0.88083837757472,0.385700999829927,0.988851430081525,-4.71032705270576
"hsa-miR-136-5p",-0.14837709090909,1.99254803448276,-0.879558206059231,0.386382803606048,0.988851430081525,-4.71081528576476
"hsa-miR-103a-3p",0.0929455067171719,0.493660212758621,0.876804764467805,0.387851875597116,0.988851430081525,-4.71186318716029
"hsa-miR-493-3p",-0.117070698333334,-1.02456252862069,-0.874421627869936,0.389126264216503,0.988851430081525,-4.71276772227867
"hsa-miR-1260b",-0.156015721717172,0.900741717241379,-0.871674690175986,0.390598520791617,0.988851430081525,-4.71380753395582
"hsa-miR-3928-3p",-0.0836173599999999,0.481400030344828,-0.870695713610643,0.391124075987288,0.988851430081525,-4.71417738383889
"hsa-miR-656-3p",-0.0844569075757569,1.24951383793103,-0.868045812334845,0.392548919348804,0.988851430081525,-4.71517657889046
"hsa-miR-2053",0.088900598989899,1.07839137241379,0.867063896053644,0.393077732823786,0.988851430081525,-4.71554611746979
"hsa-miR-5010-5p",0.190960680484849,-0.213996261103448,0.865314102227309,0.394021214489787,0.988851430081525,-4.71620368834636
"hsa-miR-494-5p",-0.139849757575758,-3.02197679310345,-0.864503640632497,0.394458700655627,0.988851430081525,-4.7165078447642
"hsa-miR-944",0.159788196969697,-2.62007251724138,0.859168211941225,0.397346475048677,0.988851430081525,-4.71850361458271
"hsa-miR-362-5p",-0.116339436868687,0.329701985862069,-0.858208486471317,0.397867342684171,0.988851430081525,-4.71886140138777
"hsa-miR-212-3p",-0.0554381060606053,2.0677965862069,-0.856691742906959,0.398691401223375,0.988851430081525,-4.71942609362133
"hsa-miR-147b",-0.141974737020202,0.246763059655172,-0.855944570229558,0.399097743426831,0.988851430081525,-4.71970393167899
"hsa-miR-20a-5p+hsa-miR-20b-5p",0.173043221010101,-0.786990571724138,0.854549690081076,0.399857036618892,0.988851430081525,-4.72022202315371
"hsa-miR-151a-5p",0.116620093939393,-1.42941695862069,0.853530821472368,0.400412228160718,0.988851430081525,-4.72059996249312
"hsa-miR-942-3p",0.190993606060606,-0.830896082758621,0.852563983609722,0.40093951840303,0.988851430081525,-4.72095821689692
"hsa-miR-320a",-0.0909397116666668,-0.132122701724138,-0.851772290560112,0.401371615658443,0.988851430081525,-4.72125129372351
"hsa-miR-181a-5p",-0.151062935505051,-1.08174537137931,-0.844662809511806,0.405265067113412,0.988851430081525,-4.7238718857402
"hsa-miR-21-5p",0.13841354489899,0.4703061,0.844464944845939,0.405373765038929,0.988851430081525,-4.72394452947904
"hsa-miR-1908-3p",-0.187427902222222,-0.62898517,-0.842297763104269,0.406565517298349,0.988851430081525,-4.72473915565339
"hsa-miR-302c-3p",0.0943958217171719,1.42889121724138,0.839371645616368,0.408178103524272,0.988851430081525,-4.72580906017932
"hsa-miR-145-5p",-0.128514686868687,0.952604127586207,-0.836029881462278,0.41002465198308,0.988851430081525,-4.72702672823637
"hsa-miR-450a-1-3p",-0.13909143030303,0.530517348275862,-0.832927205303374,0.41174376064183,0.988851430081525,-4.72815325208846
"hsa-miR-766-3p",-0.1433444,-1.8768006137931,-0.830176777273535,0.41327145655426,0.988851430081525,-4.72914863733434
"hsa-miR-27b-3p",-0.184351090909092,-2.38472527586207,-0.826978682187321,0.415052241610157,0.988851430081525,-4.73030219761298
"hsa-miR-608",-0.0700994646464634,2.87668310344828,-0.825477980284805,0.415889516104139,0.988851430081525,-4.73084208121192
"hsa-miR-1303",0.155382219848485,-0.721313518275862,0.825337197185351,0.415968115914116,0.988851430081525,-4.73089268184631
"hsa-miR-151a-3p",0.135877265111111,0.465786787172414,0.82506571515744,0.41611971156456,0.988851430081525,-4.73099023603496
"hsa-miR-146b-3p",-0.19751962020202,-1.21180162413793,-0.824292018830772,0.416551932147691,0.988851430081525,-4.7312680922979
"hsa-miR-3916",-0.121666093939394,1.02554885862069,-0.82310850918539,0.417213631641786,0.988851430081525,-4.7316926562356
"hsa-miR-409-3p",-0.149220217535353,0.440959566275862,-0.822312876399984,0.41765883592202,0.988851430081525,-4.73197775779832
"hsa-miR-1249-3p",0.174972608484849,-0.465793466206897,0.822298942114657,0.417666635615637,0.988851430081525,-4.73198274863435
"hsa-miR-19a-3p",0.125419467878788,0.0838355582758621,0.82065605056298,0.418586874711789,0.988851430081525,-4.73257063209634
"hsa-miR-25-5p",-0.125649331414142,-0.844732923448276,-0.815252451042666,0.421622464203489,0.988851430081525,-4.73449652584399
"hsa-miR-497-5p",0.126228641969697,0.66426745137931,0.808476272502469,0.425448283854366,0.988851430081525,-4.73689490615078
"hsa-miR-4286",0.118572025252526,2.79510520689655,0.807813332498603,0.425823721546862,0.988851430081525,-4.73712854919713
"hsa-miR-3144-3p",-0.304444520202022,-3.83776734482759,-0.806280623903843,0.426692507562634,0.988851430081525,-4.73766804602105
"hsa-miR-342-5p",0.147872328282825,-2.13275455172414,0.806184704068295,0.426746914004288,0.988851430081525,-4.73770177706032
"hsa-miR-551a",0.106205139898989,-1.6831548862069,0.805451778238011,0.427162775506693,0.988851430081525,-4.73795939345116
"hsa-miR-1234-3p",0.0871183084848485,0.0902223989655172,0.803693146847836,0.428161634860078,0.988851430081525,-4.73857664584612
"hsa-miR-579-5p",-0.0948328131313126,0.877396355172414,-0.802773019002185,0.428684814632933,0.988851430081525,-4.73889909588106
"hsa-miR-548ai+hsa-miR-570-5p",0.0886430232323232,0.995606037931035,0.800911351034195,0.429744545602323,0.988851430081525,-4.73955044745665
"hsa-miR-1306-5p",0.138018585858584,-2.49388234482759,0.800885928944602,0.429759027885656,0.988851430081525,-4.73955933226729
"hsa-miR-412-3p",-0.109778608585859,1.32974791034483,-0.800199898733658,0.430149953606197,0.988851430081525,-4.73979899495323
"hsa-miR-340-5p",-0.0840949530303029,0.697774431034483,-0.798668514665982,0.431023377421681,0.988851430081525,-4.74033328917841
"hsa-let-7e-5p",0.117812116161617,2.35196596551724,0.795310905454232,0.432942173663238,0.988851430081525,-4.74150140743465
"hsa-miR-1298-5p",-0.0753189637373737,0.848848443448276,-0.79454581973651,0.433380129492778,0.988851430081525,-4.74176694018606
"hsa-miR-194-5p",0.116889321717172,-0.787645865517241,0.793738780000581,0.433842393175846,0.988851430081525,-4.74204677528537
"hsa-miR-193a-5p+hsa-miR-193b-5p",0.143060099873737,0.526356357758621,0.791814291416568,0.434945929772701,0.988851430081525,-4.74271300691913
"hsa-miR-499b-5p",-0.0811408131313125,1.90112017241379,-0.789082133594164,0.436515525410579,0.98914919509859,-4.74365625014815
"hsa-miR-650",0.100330005050507,2.74858693103448,0.785987006683757,0.438297787777301,0.98914919509859,-4.74472112625699
"hsa-miR-5001-5p",0.113174505050507,2.60903848275862,0.785124014405304,0.438795507600126,0.98914919509859,-4.74501734120248
"hsa-miR-182-5p",-0.172721896414141,-0.967835169310345,-0.779835811325435,0.441852870091752,0.992022568932523,-4.74682583115219
"hsa-miR-518b",0.126001839141414,-0.529300241724138,0.778622009960816,0.442556434260624,0.992022568932523,-4.74723932139871
"hsa-miR-574-3p",0.137651572969697,0.850206756275862,0.774591087897358,0.444897740671495,0.994477302677458,-4.74860816089084
"hsa-miR-1264",0.113059626262628,1.77910824137931,0.772360708123169,0.446196416707312,0.994594247297305,-4.74936270605232
"hsa-miR-3130-3p",-0.132849526262626,-1.69595175517241,-0.768423485056507,0.448494469565087,0.996931996414873,-4.7506897087273
"hsa-miR-1281",-0.138836707070706,1.75343478965517,-0.759478020650642,0.453741923353746,1,-4.75368105742659
"hsa-miR-491-3p",0.157099900459596,0.441008676137931,0.759162458275777,0.45392769740096,1,-4.75378598099103
"hsa-miR-936",-0.122695060606061,2.01387482758621,-0.757955884691248,0.454638433057077,1,-4.75418678578908
"hsa-miR-1285-3p",0.124612076767677,0.822282527586207,0.753126213939778,0.457489966023123,1,-4.75578513297345
"hsa-miR-374a-3p",0.093083020707071,1.3232677137931,0.749274223188752,0.459771817335565,1,-4.75705304255416
"hsa-miR-1248",0.149459555,-0.345218459655172,0.744673407583604,0.462506030689747,1,-4.75855942228388
"hsa-miR-1827",0.0821760574747477,0.721348507586207,0.743354837700572,0.463291399437856,1,-4.75898953385608
"hsa-miR-1252-5p",0.153744630707071,1.18862708,0.743078914216269,0.463455844385118,1,-4.75907944811262
"hsa-miR-216b-5p",-0.0831019732323226,1.09315898965517,-0.73977085133602,0.46543004870687,1,-4.76015498904659
"hsa-miR-425-5p",0.183135008080808,-0.99459374137931,0.735552674542092,0.46795451963568,1,-4.7615198778478
"hsa-miR-1286",0.108657101515151,-0.353556990689655,0.733780487070996,0.469017506555232,1,-4.7620911165853
"hsa-miR-590-3p",-0.169941294444445,-2.12410619655172,-0.731693713277043,0.470270988601702,1,-4.76276209261491
"hsa-miR-548i",-0.0663588095959599,0.805726344827586,-0.73104225259536,0.470662706261791,1,-4.76297119268612
"hsa-miR-615-5p",-0.112742446464646,0.842666279310345,-0.730674857523857,0.470883701334732,1,-4.76308903845398
"hsa-miR-299-3p",-0.110096419191919,2.02140134482759,-0.73057812574542,0.470941897350951,1,-4.76312005688276
"hsa-miR-766-5p",0.209217881717171,-1.11132803758621,0.727896019687257,0.472557175979849,1,-4.7639785700607
"hsa-miR-526b-5p",-0.112387045454545,2.75484793103448,-0.721738315284783,0.476277734112586,1,-4.76593831118949
"hsa-miR-208b-5p",0.1400281589899,0.980355034827586,0.720126167879269,0.477254597404458,1,-4.76644879419796
"hsa-miR-770-5p",-0.0990732531313135,-0.491805487586207,-0.71906745682399,0.477896739428777,1,-4.76678344624158
"hsa-miR-3192-5p",0.166887834848484,-1.69912413448276,0.714904451181632,0.480426552454867,1,-4.76809483518641
"hsa-miR-3613-5p",0.144141054545455,1.34109519310345,0.711815247100477,0.482308784314032,1,-4.76906331309569
"hsa-miR-384",0.145764932626263,-0.411138687586207,0.711416590961997,0.482551990012746,1,-4.76918800446177
"hsa-miR-1203",0.0892829691919197,1.49954934827586,0.708501200807122,0.484332695321202,1,-4.77009786927472
"hsa-miR-381-3p",0.0629689292929294,2.20280965517241,0.702615780555345,0.487938882418101,1,-4.77192387504585
"hsa-miR-369-3p",-0.0987511675757571,0.890382377241379,-0.695705459416765,0.492192458525526,1,-4.77404944666062
"hsa-miR-4531",0.0668009797979798,0.858685313793103,0.691691590090039,0.49467273780439,1,-4.77527494205757
"hsa-miR-330-3p",-0.165937929646465,-0.641132162758621,-0.687624653334024,0.497192967393449,1,-4.77650977720192
"hsa-miR-4755-5p",0.0678883232323244,2.24401096551724,0.687346854791124,0.497365378049473,1,-4.77659387237565
"hsa-miR-3127-5p",0.0937704232121213,-0.595121177103448,0.685667644157771,0.498408263254791,1,-4.7771015160463
"hsa-miR-452-5p",-0.19273501959596,0.537944141034483,-0.684344585588258,0.499230819443234,1,-4.77750066050397
"hsa-miR-638",-0.120149011111111,0.918559148275862,-0.683109571108761,0.499999322527942,1,-4.777872582748
"hsa-miR-181c-5p",-0.106850085353535,-0.935388148275862,-0.67686796758404,0.503893328972023,1,-4.77974246247263
"hsa-miR-374a-5p",-0.0791476101010102,1.33419824827586,-0.673871268660767,0.505768878270469,1,-4.78063442432136
"hsa-miR-495-3p",-0.109107101772727,-0.427543697896552,-0.673071864276668,0.506269855831708,1,-4.78087172942793
"hsa-miR-218-5p",0.129228748484848,2.24862223448276,0.671630120756563,0.507174074252862,1,-4.78129903686633
"hsa-miR-1909-3p",-0.125613018585859,-0.308987525172414,-0.669790249853618,0.508329282275054,1,-4.78184307575641
"hsa-miR-432-5p",0.110259486868687,-1.0428314137931,0.666252166482883,0.510554831835625,1,-4.7828852726429
"hsa-miR-1976",-0.0893363317171718,-0.109508810344828,-0.664329802655305,0.511766295435774,1,-4.78344933030115
"hsa-miR-302a-3p",-0.154153866161616,0.941861182758621,-0.658200320748605,0.515639586613812,1,-4.78523746325241
"hsa-miR-572",-0.0931996518838386,-0.192399007482759,-0.654420732709043,0.518035913491248,1,-4.78633219191058
"hsa-miR-890",0.13632648989899,-2.57352889655172,0.647857401839841,0.522211549253255,1,-4.78821891456435
"hsa-miR-644a",0.0835441860858589,0.409776724310345,0.646077911626776,0.523346804317778,1,-4.78872732515734
"hsa-miR-140-5p",-0.0481644828282823,1.25928826896552,-0.635432342561631,0.53016607001066,1,-4.7917409085349
"hsa-miR-380-3p",0.0578575202020211,2.00579034482759,0.627742335690003,0.535121491268467,1,-4.79388802017349
"hsa-miR-193b-3p",0.129307531111111,-0.537407826896552,0.622500845959789,0.538513132870219,1,-4.79533713695465
"hsa-miR-1285-5p",0.0748730656565662,2.07412351724138,0.621982823688391,0.538848948021445,1,-4.7954797225723
"hsa-miR-188-5p",-0.065083766161616,0.903568993103448,-0.616662663498781,0.542304200906871,1,-4.79693750999765
"hsa-miR-525-3p",0.181052857676768,-0.776297400344828,0.615004123817895,0.543383736586746,1,-4.79738951397116
"hsa-miR-2116-5p",-0.167858718686869,-2.30657092068965,-0.614711911342549,0.543574052950195,1,-4.79746903001523
"hsa-miR-30e-5p",0.155241691515152,0.203920506206897,0.614356767031841,0.543805403476131,1,-4.79756562208522
"hsa-miR-5196-3p+hsa-miR-6732-3p",-0.0570135353535348,1.93982562068966,-0.608394193873122,0.547697269324044,1,-4.79917932040024
"hsa-miR-1972",0.0910327626262628,2.25241372413793,0.608290517238454,0.547765068759152,1,-4.79920724558701
"hsa-miR-3150b-3p",0.134589086429293,-0.497945591827586,0.602893407771199,0.551300535897158,1,-4.80065463776519
"hsa-miR-4451",-0.0566790904040402,1.06050300689655,-0.602098436599886,0.55182229155095,1,-4.80086678522888
"hsa-miR-454-3p",-0.110893179292929,1.76278093103448,-0.601726098353983,0.552066752459386,1,-4.80096605559103
"hsa-miR-637",0.108172338383837,-2.73551172413793,0.598673621979679,0.55407298271533,1,-4.80177766105427
"hsa-miR-191-5p",-0.145027863636363,2.57164393103448,-0.597713397559068,0.554704863132791,1,-4.8020321490959
"hsa-miR-18a-5p",0.0704559166666671,0.94835414137931,0.597345843109689,0.554946832295203,1,-4.80212945800312
"hsa-miR-520b",0.130115648888889,0.218354662758621,0.595781803208257,0.555977081041673,1,-4.80254288908518
"hsa-miR-521",0.0888367171717181,2.19578624137931,0.59523494738845,0.55633753216388,1,-4.80268719644473
"hsa-miR-532-3p",-0.0850671265151515,0.238488787241379,-0.59413457558702,0.557063187785949,1,-4.80297718236465
"hsa-miR-548c-5p+hsa-miR-548o-5p+hsa-miR-548am-5p",0.131422064141413,-1.16091727931034,0.593233530674564,0.557657755773712,1,-4.80321425435129
"hsa-miR-93-5p",0.217975712121212,1.79987997586207,0.583270770907958,0.564253425007613,1,-4.80581244459452
"hsa-miR-147a",-0.0610716085858585,1.21109767931034,-0.582112004718081,0.565023125871964,1,-4.80611188803966
"hsa-miR-205-5p",-0.131597812121213,-1.36209164482759,-0.581983739092702,0.565108357916966,1,-4.80614499862814
"hsa-miR-1288-3p",0.120072112575758,0.105869772758621,0.580460394880581,0.566121111956792,1,-4.80653769824481
"hsa-miR-3182",-0.0691021287878784,0.737294731034483,-0.580198867777349,0.566295073353726,1,-4.80660501698993
"hsa-miR-554",0.161457531515151,-1.37350142137931,0.579683383570219,0.566638039820112,1,-4.80673762029913
"hsa-miR-217",0.048088691919193,2.09117448275862,0.578592901632622,0.567363914208076,1,-4.80701776181342
"hsa-miR-610",0.0809180238383839,0.108496752413793,0.578512505644819,0.567417447989287,1,-4.80703839517405
"hsa-miR-548q",-0.199239924747476,-2.04808530344828,-0.574947105886401,0.569794120775768,1,-4.80795066312346
"hsa-miR-548d-5p",0.0835041852525253,0.712077492413793,0.574940659550834,0.569798422386464,1,-4.80795230760226
"hsa-miR-302e",-0.0420737424242423,1.45675482758621,-0.569674901450282,0.573317676409439,1,-4.80928967572979
"hsa-miR-372-3p",0.0511516111111117,1.78543672413793,0.568588893598733,0.57404483376374,1,-4.80956401701102
"hsa-miR-320c",-0.0914228376767677,0.600262564137931,-0.565936746295974,0.575822560317443,1,-4.81023186378493
"hsa-miR-296-3p",0.0713070716161616,-0.161892538965517,0.562078747260417,0.578413442336544,1,-4.81119797709978
"hsa-miR-1270",-0.129979293939394,-1.38143972413793,-0.560532882278495,0.579453202030531,1,-4.81158329849149
"hsa-miR-3065-5p",0.210838878787877,-5.10875096551724,0.55675272753138,0.581999643843708,1,-4.81252121774776
"hsa-miR-643",0.162965603131313,-1.11345138310345,0.556596353039632,0.58210510153079,1,-4.81255988473478
"hsa-miR-548ar-5p",0.186836300909091,0.315880261724138,0.555948163484707,0.582542335486612,1,-4.81272005170362
"hsa-miR-548j-5p",-0.0945235353535359,-1.19760011034483,-0.555756484429515,0.582671662824565,1,-4.81276738083478
"hsa-miR-584-3p",0.090253596464646,-0.899815382758621,0.554863750189817,0.58327418328086,1,-4.81298760567545
"hsa-miR-421",-0.0882211745454546,0.466568015862069,-0.553930661004669,0.583904266592568,1,-4.81321741963118
"hsa-let-7i-5p",-0.0513789515151517,1.53075656551724,-0.551835237327346,0.585320449655553,1,-4.81373214601889
"hsa-miR-487b-3p",0.118056151717172,0.444010375172414,0.549645300511798,0.586802301879698,1,-4.81426807234672
"hsa-miR-4707-3p",0.0970121111111117,3.3378925862069,0.548330978453925,0.587692534687761,1,-4.81458872623152
"hsa-miR-6721-5p",-0.0813438838383838,1.47208903448276,-0.546165095670952,0.589160990545052,1,-4.81511551377501
"hsa-miR-501-3p",-0.0829753622222222,0.145866438965517,-0.544958247772482,0.589979998938744,1,-4.81540816870133
"hsa-miR-4448",0.0953355212121203,-1.50519081724138,0.544366358639247,0.590381876960779,1,-4.8155514699815
"hsa-miR-802",-0.0900450883838371,2.02265932758621,-0.54374417351128,0.590804468208704,1,-4.8157019436417
"hsa-miR-214-3p",-0.0611651868686867,1.70731668965517,-0.541430667476427,0.592377096904812,1,-4.81625999667399
"hsa-miR-149-5p",-0.0365349040404035,1.08443645517241,-0.539094394080235,0.593967250882503,1,-4.81682120293383
"hsa-miR-487b-5p",-0.073547051717171,0.719393836896552,-0.538955640427113,0.594061756388146,1,-4.81685445959256
"hsa-miR-2117",0.0977239834343441,0.627177988965517,0.536972026919373,0.595413592133176,1,-4.81732898788642
"hsa-miR-381-5p",-0.0871914368686869,1.0006671137931,-0.532158385606645,0.59870022561004,1,-4.81847347668291
"hsa-miR-1266-5p",-0.0524253705555555,0.141451245172414,-0.531951768611575,0.598841492237223,1,-4.8185223782225
"hsa-miR-671-3p",0.110265968686868,-1.75097785517241,0.526803253185953,0.602366723472712,1,-4.81973496756247
"hsa-miR-548al",0.0780905348989899,0.0102576582758621,0.523880846656273,0.604372089472777,1,-4.8204181689316
"hsa-miR-548aa+hsa-miR-548t-3p",0.44105977929293,0.029121175862069,0.523759428181267,0.604455475498693,1,-4.82044647439775
"hsa-miR-34c-3p",-0.0570192474747455,2.08943962068966,-0.522738048601334,0.605157138898341,1,-4.82068432962662
"hsa-miR-873-3p",-0.0891260941919193,0.713606981034483,-0.522689528327951,0.605190480729263,1,-4.82069561764318
"hsa-miR-606",0.102458725656566,-0.582958376551724,0.522382218615808,0.605401675850915,1,-4.82076708820415
"hsa-miR-106b-5p",0.0931892020202023,1.64236901724138,0.520400362803424,0.606764518005827,1,-4.82122702543002
"hsa-miR-487a-3p",0.0834957303030308,1.86406542758621,0.519632952707007,0.607292622315672,1,-4.82140466553486
"hsa-miR-508-3p",-0.112558828282829,-1.84433517241379,-0.519055757983033,0.607689969468893,1,-4.82153810687046
"hsa-miR-29b-3p",-0.112138332121212,0.398947557241379,-0.516718960997435,0.609299892409393,1,-4.82207687791491
"hsa-miR-450b-5p",-0.0536584779595959,0.049294412,-0.513828764753379,0.611293834442815,1,-4.82273997418028
"hsa-miR-4455",0.0881974484848487,1.03994493793103,0.512086429543889,0.612497337636423,1,-4.8231379714525
"hsa-miR-139-5p",-0.084313721212121,1.207303,-0.511166040247599,0.613133533516509,1,-4.82334768342555
"hsa-miR-4524a-5p",-0.112601515656566,-0.88894775862069,-0.510070331365389,0.613891314889911,1,-4.82359686414921
"hsa-miR-492",-0.0793997575757577,-2.13295648275862,-0.509997267573056,0.613941860539965,1,-4.82361346147504
"hsa-miR-133b",0.107096831313131,-1.7343742862069,0.50773686168712,0.615506566225202,1,-4.82412579824544
"hsa-miR-3144-5p",-0.0468924608080807,0.333010468965517,-0.50178215237413,0.619637361043595,1,-4.82546488012198
"hsa-miR-219a-1-3p",-0.0923276833232324,-0.16500719262069,-0.501741928220391,0.61966530786579,1,-4.82547387339187
"hsa-miR-23c",-0.087686699782828,0.436227054724138,-0.501482200438268,0.619845774717048,1,-4.82553192614378
"hsa-miR-671-5p",-0.0726159880808079,0.205710028965517,-0.499838745203654,0.620988256605309,1,-4.82589858310464
"hsa-miR-553",-0.0705886287878792,-1.6920713137931,-0.499415351828002,0.621282743386148,1,-4.82599285298863
"hsa-miR-98-3p",0.07366907959596,0.674771846206897,0.492626398237469,0.626013426140045,1,-4.8274938146051
"hsa-miR-29c-3p",-0.0739741648888891,-0.690172701103448,-0.491597706723025,0.626731662372441,1,-4.82771950167382
"hsa-miR-1249-5p",-0.06798713939394,-1.02564595862069,-0.490136217827378,0.627752720267908,1,-4.828039351045
"hsa-miR-30a-5p",0.104524161060606,0.407968707241379,0.490022074974699,0.627832496919216,1,-4.82806429235372
"hsa-miR-550a-5p",0.0758040575757575,-0.890183503448276,0.489056711656234,0.628507391100846,1,-4.82827500718809
"hsa-miR-29a-3p",-0.0577520050505046,0.987351944827586,-0.488803388590191,0.628684545728057,1,-4.82833023427179
"hsa-miR-219b-3p",0.0842993550505051,-0.151589280344828,0.482558923696664,0.633058538881868,1,-4.82968277726298
"hsa-miR-488-3p",-0.0678263475757573,0.72096063137931,-0.481641652894075,0.633702194180881,1,-4.82988002906011
"hsa-miR-939-5p",0.0830830044444446,-0.37289977137931,0.481550648087473,0.633766068812915,1,-4.8298995789688
"hsa-miR-4532",-0.100053636828283,-0.513548319931034,-0.480619803738875,0.63441957660199,1,-4.83009933872583
"hsa-miR-1260a",0.110752824646465,0.129863176551724,0.479671552415083,0.63508561377245,1,-4.8303024465047
"hsa-miR-142-3p",-0.0641379949494947,1.91422351724138,-0.477650504160514,0.636506204450049,1,-4.83073403331459
"hsa-miR-603",-0.0916277705050504,0.253793616551724,-0.471090624739082,0.641126812681638,1,-4.8321226187054
"hsa-miR-378h",0.0753983063131313,-0.0296362596551724,0.463755902022647,0.646310582760875,1,-4.83365302346967
"hsa-miR-664b-3p",0.132700872727273,1.2862002137931,0.463526798286926,0.646472793734712,1,-4.833700448702
"hsa-miR-655-3p",-0.0931264241414147,-1.14884048827586,-0.460363146198137,0.648714541926897,1,-4.83435299427288
"hsa-miR-211-5p",-0.0990968222727273,-0.919403554827586,-0.458663009863121,0.649920637664627,1,-4.83470186624832
"hsa-miR-510-5p",-0.122352241111111,-0.292535169655172,-0.456899040985053,0.651173038499352,1,-4.83506250335718
"hsa-miR-365b-5p",-0.0822335525454546,-0.0107936791724138,-0.455201399316592,0.652379327273207,1,-4.83540829738404
"hsa-miR-127-3p",-0.0351275454545448,2.37100675862069,-0.454984906338329,0.652533229055432,1,-4.83545230454682
"hsa-miR-518f-3p",0.0459406237373736,1.49463494827586,0.454734826017853,0.652711026988505,1,-4.83550311363101
"hsa-miR-200a-3p",-0.0744363879292928,0.392846134137931,-0.453984260890248,0.653244775958661,1,-4.83565544275021
"hsa-miR-545-3p",0.0991265232323237,2.17063193793103,0.451812419203011,0.654790288481912,1,-4.83609483748438
"hsa-miR-186-5p",0.0738200173636363,-0.134236884758621,0.45087776466116,0.655455881712271,1,-4.83628329729709
"hsa-miR-3140-3p",-0.108254776585859,-0.439448686413793,-0.449216192542282,0.656639844397385,1,-4.8366173872262
"hsa-miR-486-3p",0.117575163464646,-0.104262856758621,0.448552270704139,0.657113179838144,1,-4.83675054366324
"hsa-miR-28-3p",0.0456314040404044,2.25698124137931,0.44790066381978,0.657577876337229,1,-4.83688104286703
"hsa-miR-3140-5p",0.10016245808081,2.55678356206897,0.447684213710051,0.657732269594276,1,-4.83692435089303
"hsa-miR-597-5p",0.0988620727272735,1.83725560689655,0.447575566554405,0.657809773101871,1,-4.83694608164104
"hsa-miR-6503-5p",-0.0638341868686854,1.95312131034483,-0.44443728750568,0.660050134826689,1,-4.83757154788662
"hsa-miR-4536-3p",-0.0533712378787883,-1.18880087931034,-0.444417697755995,0.660064129712449,1,-4.83757543864298
"hsa-miR-640",0.0359865404040418,2.50495834482759,0.443984927901642,0.660373331732546,1,-4.83766134905165
"hsa-miR-339-5p",0.067654456919192,-0.453461175172414,0.443343137835568,0.660831985288174,1,-4.83778860185128
"hsa-miR-181b-5p+hsa-miR-181d-5p",-0.0862953757575757,1.85596873793103,-0.441611195916758,0.66207038195299,1,-4.83813110847411
"hsa-miR-125a-3p",0.0425681060606071,1.82256668965517,0.440239433069472,0.663051929766668,1,-4.83840145513873
"hsa-miR-330-5p",-0.0836306692424245,-0.949079699655172,-0.439391044101919,0.663659289031722,1,-4.83856824328059
"hsa-miR-605-5p",-0.102237388737374,-0.39481686862069,-0.439135046610444,0.663842602641871,1,-4.83861850897113
"hsa-miR-485-3p",0.0651814866666668,0.620181045517241,0.433607402292636,0.667805965507575,1,-4.83969687622372
"hsa-miR-137",-0.072422074040404,0.0887779803448276,-0.432377937850716,0.668688833562677,1,-4.8399349086297
"hsa-miR-499a-5p",0.0776578585858596,2.08772720689655,0.432242464528541,0.668786145353641,1,-4.83996109665169
"hsa-miR-99a-5p",-0.0699391942525256,-0.610394406,-0.428561617327269,0.671432370442393,1,-4.84066955461569
"hsa-miR-139-3p",0.0402412171717175,1.48250296551724,0.421985039161798,0.676171061153324,1,-4.84192057072896
"hsa-miR-515-3p",0.0396366464646469,1.80017303448276,0.419262470720475,0.678136755472882,1,-4.84243291262931
"hsa-miR-376b-3p",0.0981117242424239,-1.52160444137931,0.416979384079329,0.679786924444185,1,-4.84286004338921
"hsa-miR-92a-3p",-0.0769456915656565,-0.153970060689655,-0.415009850369262,0.681211762735648,1,-4.84322667449854
"hsa-miR-130a-3p",-0.105744983636364,-0.288022616206897,-0.411180990695179,0.683985136031894,1,-4.84393454590163
"hsa-miR-660-3p",-0.0606299025454543,0.351845898758621,-0.406730041926926,0.687214757364967,1,-4.84474933096056
"hsa-miR-1247-5p",-0.124003621212121,-2.68484468965517,-0.402955414597283,0.689958358087528,1,-4.84543348424545
"hsa-miR-25-3p",0.211172046747476,1.41989224575862,0.400095519341592,0.692039945756206,1,-4.84594766882969
"hsa-miR-152-5p",-0.0991266262626271,-2.96230031034483,-0.400018405887849,0.692096107150491,1,-4.84596148334021
"hsa-miR-518c-3p",-0.0624069656565653,-1.31899019655172,-0.399919021397353,0.692168491073659,1,-4.84597928374212
"hsa-miR-765",-0.0644684939393942,-1.1482613,-0.399640399273278,0.6923714335127,1,-4.84602916358393
"hsa-miR-887-3p",0.0648368809595963,0.718808526896552,0.396715285761321,0.694503425145868,1,-4.8465507646802
"hsa-miR-1183",0.0703800867171719,0.177009295517241,0.396425416749786,0.694714837411273,1,-4.84660224849989
"hsa-miR-98-5p",0.0883098005454545,0.180672894896552,0.394436259651376,0.69616627744787,1,-4.84695454596429
"hsa-miR-3161",-0.0578154646464655,-2.16625844827586,-0.39437750894849,0.696209164271677,1,-4.8469649247481
"hsa-miR-208b-3p",0.0511533469696979,1.20954501034483,0.393773503542016,0.696650135272743,1,-4.84707153901225
"hsa-miR-1537-3p",0.0983826862121219,0.980027338965517,0.393139684220979,0.697112988832779,1,-4.84718324302971
"hsa-miR-140-3p",-0.0363371313131313,1.77038917241379,-0.391701672213979,0.698163552958714,1,-4.84743602144975
"hsa-miR-514a-5p",0.0932592796565657,0.306757158413793,0.391536415113273,0.698284323409255,1,-4.84746501252357
"hsa-miR-450a-5p",-0.044547588383838,0.9510243,-0.387471728160401,0.70125733532334,1,-4.84817429327873
"hsa-miR-1297",0.0683961939393938,2.16887391724138,0.385260633758053,0.702876612513552,1,-4.84855706752198
"hsa-miR-556-5p",-0.0539012969696966,1.0934784137931,-0.383809577038809,0.703940054701771,1,-4.84880709622525
"hsa-miR-876-3p",-0.0770662388888896,-1.21045158275862,-0.380162110981392,0.706615877882722,1,-4.84943148321529
"hsa-miR-449b-5p",-0.0907823018686869,0.0769788165517241,-0.379620462050512,0.707013564529445,1,-4.84952370427317
"hsa-miR-520h",-0.0710870068181819,-0.128825342068966,-0.378523358462198,0.707819332080893,1,-4.84971010032925
"hsa-miR-211-3p",0.0974727105050506,0.0578208096551724,0.378353326895763,0.707944242600523,1,-4.84973894087326
"hsa-miR-128-2-5p",0.103500343434342,-2.56063713793103,0.378063230060214,0.708157375930245,1,-4.84978811728895
"hsa-miR-490-3p",-0.0367217306565658,-0.478927556206897,-0.377728682197183,0.708403197187949,1,-4.84984478281187
"hsa-miR-514a-3p",0.075124423636364,0.880493511034483,0.376980068156676,0.708953384523642,1,-4.84997140370134
"hsa-miR-1296-3p",0.0713676154747475,0.000760175724137931,0.376238125588184,0.70949882648688,1,-4.85009665213326
"hsa-miR-582-5p",-0.0482574611111114,-0.824815393103448,-0.374950354587267,0.710445908453023,1,-4.85031346581946
"hsa-miR-204-5p",-0.0685748510101012,-1.03893324482759,-0.374503476176541,0.710774672133714,1,-4.85038853275502
"hsa-let-7b-5p",-0.0751239611111105,1.21648036551724,-0.373871314368773,0.711239843590752,1,-4.850494573147
"hsa-miR-1910-3p",0.0605118787878793,-1.73916455172414,0.371100864530915,0.713279791297321,1,-4.85095721409296
"hsa-miR-3918",-0.0633945880808081,-0.49458039862069,-0.370049581871728,0.714054441898131,1,-4.85113188195095
"hsa-miR-548d-3p",-0.107151136767677,0.655802047586207,-0.368611324379673,0.715114742370417,1,-4.85137005384583
"hsa-miR-573",-0.0946359202020206,-0.782153372413793,-0.366402596430005,0.71674416961651,1,-4.85173403432835
"hsa-miR-582-3p",0.0631220606060618,3.11999851724138,0.363600831407544,0.718813047371709,1,-4.8521926406272
"hsa-miR-542-3p",0.0636167878787872,2.72541617241379,0.362543166547821,0.719594613162107,1,-4.85236486209534
"hsa-let-7c-5p",-0.046282656565656,1.97234762068966,-0.361554541848637,0.720325440637594,1,-4.85252539443068
"hsa-miR-876-5p",0.0610777212979799,0.526059091137931,0.360850074018002,0.720846373232139,1,-4.85263952184101
"hsa-miR-511-5p",-0.0710610727272729,-1.7807834,-0.360593441521395,0.721036179093867,1,-4.85268104309131
"hsa-miR-187-3p",0.084471992929293,0.775372389655172,0.358843474813827,0.722330939445457,1,-4.85296339837129
"hsa-miR-4707-5p",0.0553911934343441,1.0826225137931,0.355148594444124,0.725067444704638,1,-4.85355511390423
"hsa-miR-363-3p",-0.0654682512525253,0.187415378931034,-0.349332705389336,0.729382299749366,1,-4.85447425869822
"hsa-miR-324-3p",-0.0449277368686867,1.52155847241379,-0.344963089366936,0.732630109114932,1,-4.85515498097716
"hsa-miR-513b-5p",0.277089119696969,-3.0511724137931,0.339983630754363,0.736337348545035,1,-4.85592039571022
"hsa-miR-1205",-0.0403092211919191,0.137320275965517,-0.339284897849993,0.736858079598174,1,-4.85602692186663
"hsa-miR-34a-5p",0.0524959090909101,2.34333224137931,0.339217190899634,0.736908545003477,1,-4.85603723270857
"hsa-miR-223-3p",-0.183588221717172,1.34396038275862,-0.338351468329817,0.737553916916938,1,-4.85616889129032
"hsa-miR-517a-3p",-0.0597874623636365,-0.00407785296551725,-0.336132471092777,0.739209005977158,1,-4.85650483768639
"hsa-miR-941",0.0387377934343438,0.740263606896552,0.335913451947579,0.739372435476429,1,-4.85653787783308
"hsa-miR-337-3p",0.0512903939393938,1.15741741034483,0.335689778666028,0.739539350628408,1,-4.85657159812445
"hsa-miR-219a-5p",0.0562361093939394,0.17623201137931,0.330018883036274,0.743775525418352,1,-4.85741911126895
"hsa-miR-769-5p",-0.0554263565656567,-0.368034119310345,-0.32904201220309,0.744506080040507,1,-4.85756366363974
"hsa-miR-661",-0.0548270829292931,-0.69957267862069,-0.32896721044205,0.744562030660382,1,-4.85757471496811
"hsa-miR-376a-2-5p",-0.0399844691919189,1.02826068275862,-0.325225853455724,0.747362315698521,1,-4.85812430028406
"hsa-miR-155-5p",0.0314633484848492,1.74085620689655,0.324602853206922,0.747828953643067,1,-4.85821521217416
"hsa-miR-574-5p",-0.0352270252525249,1.5901444137931,-0.319497411089594,0.751656668855094,1,-4.85895373485273
"hsa-miR-345-5p",-0.0404359725656566,0.0704685844137931,-0.31917528106254,0.751898397212605,1,-4.85899994396715
"hsa-miR-148a-3p",0.0557766863636365,0.211237674137931,0.317418074098176,0.753217466741451,1,-4.85925120126212
"hsa-miR-1244",0.109632383181818,-0.806219667931035,0.31705890393605,0.753487175873883,1,-4.85930238896218
"hsa-miR-1289",0.0412184646464646,1.90942303448276,0.314939035671641,0.755079677748621,1,-4.85960333766005
"hsa-miR-199b-5p",0.081889918838384,0.402402547241379,0.312909485258474,0.75660535816074,1,-4.85988959286573
"hsa-miR-433-5p",0.0294944676767688,1.50685463448276,0.312231751598398,0.757115055944679,1,-4.85998477508932
"hsa-miR-3934-5p",-0.0238330808080791,2.32234231034483,-0.311561748709155,0.757619049053321,1,-4.86007867086672
"hsa-miR-940",-0.0660859355252525,-0.0289161871034483,-0.308838467013187,0.759668685027148,1,-4.86045826355183
"hsa-miR-1908-5p",0.0561900361616161,-0.164947036896552,0.308231240441163,0.760125947748558,1,-4.8605424539572
"hsa-miR-887-5p",-0.0504998026363638,-0.447083758551724,-0.306335225020462,0.761554280704754,1,-4.86080427614182
"hsa-miR-3614-3p",-0.0563569898989902,-1.55889314482759,-0.305898805790382,0.761883171514693,1,-4.86086431520555
"hsa-miR-1185-5p",-0.0485584939393933,1.72016302758621,-0.304401867243996,0.763011626234057,1,-4.86106960826905
"hsa-miR-451a",-0.210729106060603,6.70136510344828,-0.304354358643276,0.763047448896637,1,-4.8610761073687
"hsa-miR-1306-3p",-0.0493037385858586,0.116463684137931,-0.300636071279772,0.765852780945281,1,-4.86158164768725
"hsa-miR-3180-5p",-0.0482842873535353,-0.0588145932413793,-0.299130161366441,0.766989865977793,1,-4.86178464132728
"hsa-miR-604",0.0402793644444444,-0.0217264248275862,0.298491131458384,0.767472545627289,1,-4.86187047620496
"hsa-miR-513c-3p",0.0692323424242418,1.98576551034483,0.297206724342303,0.768442986368085,1,-4.86204244861539
"hsa-miR-590-5p",0.0417021818181831,2.17777706896552,0.296403572895917,0.769050006110779,1,-4.86214961128394
"hsa-miR-548h-5p",-0.0632663038888888,0.522246940344828,-0.295732903319399,0.76955701064959,1,-4.86223887713491
"hsa-miR-130b-3p",-0.0602903945959602,-0.726885457586207,-0.294244466756153,0.770682590935265,1,-4.86243627189269
"hsa-miR-519b-5p+hsa-miR-519c-5p+hsa-miR-523-5p+hsa-miR-518e-5p+hsa-miR-522-5p+hsa-miR-519a-5p",0.0501108693434351,0.852072847241379,0.29226252106872,0.772182160183974,1,-4.86269758360629
"hsa-miR-1973",-0.0737504804040406,-0.644237657931034,-0.289193952333637,0.774505650751689,1,-4.86309871039958
"hsa-miR-935",-0.0529882991919192,-0.302303274482759,-0.286358849342937,0.776654255360114,1,-4.86346558936242
"hsa-miR-382-5p",0.0257803616161618,0.829488768965517,0.283928692745364,0.77849740202174,1,-4.86377721447464
"hsa-miR-190a-3p",-0.0409354484848482,0.661154827586207,-0.282910656531166,0.779269919977207,1,-4.86390697739724
"hsa-miR-503-5p",-0.0329694595959593,1.83609462068966,-0.281235116030949,0.780541872512355,1,-4.86411954231118
"hsa-miR-519b-3p",0.0644463164141415,0.0577254717241379,0.280574092711588,0.781043845299343,1,-4.8642030576871
"hsa-miR-642a-3p",0.042749608131313,-0.14928938862069,0.275263546109193,0.785080076468698,1,-4.86486693387056
"hsa-miR-1250-5p",0.0297675722222227,0.946381775862069,0.275070920358744,0.785226595040101,1,-4.86489077775195
"hsa-miR-221-5p",-0.0598860691919187,1.8032349,-0.273420134115912,0.786482574716898,1,-4.86509443890086
"hsa-miR-510-3p",0.0414696767676763,-3.05714434482759,0.272867011371958,0.786903542161016,1,-4.8651624069038
"hsa-miR-95-3p",0.049501127272727,-0.930764610344828,0.272050969657847,0.787524730157499,1,-4.86526243322559
"hsa-miR-146b-5p",-0.0458232272727281,-2.67774672413793,-0.269346868695761,0.789584163496769,1,-4.86559176427974
"hsa-miR-23a-3p",-0.114515279595959,2.12204014758621,-0.26869712127088,0.790079240062646,1,-4.86567041033794
"hsa-miR-664a-3p",0.0580524425757576,0.355888180344828,0.264062929679514,0.793612848838488,1,-4.86622587114265
"hsa-miR-30a-3p",-0.0392942813131312,1.66830684482759,-0.260685989620313,0.796190610373034,1,-4.86662459535108
"hsa-miR-300",-0.0418869085858582,-1.31807996551724,-0.259821910784573,0.796850576066721,1,-4.86672580095151
"hsa-miR-596",0.0534249336868687,-0.0927512427586207,0.259805515479728,0.796863099944622,1,-4.86672771803403
"hsa-miR-518e-3p",0.0491063752525247,-1.45560838275862,0.256358876025587,0.799497101340207,1,-4.86712806282727
"hsa-miR-496",0.0353650555555549,-2.97432172413793,0.256064363957688,0.799722286158699,1,-4.86716202573931
"hsa-miR-1273c",-0.0243244898989896,1.1947877137931,-0.254396284111319,0.800998035382427,1,-4.8673536559205
"hsa-miR-15b-5p",-0.0440496552525252,0.0890268989655172,-0.254354231320693,0.801030204639746,1,-4.86735847090359
"hsa-miR-888-5p",-0.0407422008080804,1.1110793262069,-0.25372958945976,0.801508080714408,1,-4.86742989841549
"hsa-miR-654-5p",-0.0270263594646465,0.277596472827586,-0.252211136542726,0.802670083847541,1,-4.8676028055132
"hsa-miR-6503-3p",0.0601771545454546,0.895505717241379,0.250611536827991,0.803894681936623,1,-4.86778383800744
"hsa-miR-651-5p",0.0321943479797981,1.20105671034483,0.249871107767046,0.804461700585774,1,-4.86786724772946
"hsa-miR-600",-0.0350335606060601,-2.19020375862069,-0.245369878182332,0.80791105053782,1,-4.86836903835991
"hsa-miR-24-3p",0.044249425252525,1.61560837586207,0.244983322398332,0.808207457673756,1,-4.86841170853949
"hsa-miR-571",-0.0249716414141403,2.39630027586207,-0.242675387575619,0.809977760858624,1,-4.86866508034655
"hsa-miR-1279",0.040050776767677,1.22339675172414,0.242510686929964,0.810104133874754,1,-4.86868307057114
"hsa-miR-1197",-0.0335538227272723,1.41707333793103,-0.24185448123135,0.810607685100112,1,-4.8687546273102
"hsa-miR-203a-5p",-0.0463811808080798,1.79890458275862,-0.239046481874818,0.812763383447509,1,-4.86905865275465
"hsa-miR-342-3p",-0.0503735706767676,0.251072010758621,-0.237159270293818,0.814213034857875,1,-4.86926100079057
"hsa-miR-15a-5p",0.0483034272222224,0.363217622413793,0.235723411241604,0.815316431461756,1,-4.86941388673495
"hsa-miR-1272",-0.0549860505050508,-0.7854661,-0.234296413820538,0.816413400478546,1,-4.86956491477927
"hsa-miR-767-3p",0.0623118116161611,-0.881989724137931,0.233339544882812,0.817149182158181,1,-4.86966567561393
"hsa-miR-3074-3p",0.0466321304040402,1.04463542724138,0.231651528916615,0.818447590596354,1,-4.86984242873018
"hsa-miR-302f",0.0427733389090909,0.00943464493103448,0.231360818806746,0.818671255539318,1,-4.86987274037124
"hsa-miR-302a-5p",-0.0344853111111106,0.831089275862069,-0.231322178170901,0.818700985829151,1,-4.86987676648778
"hsa-miR-548v",-0.025604378787879,1.81711782758621,-0.228390971529893,0.820957067192735,1,-4.87018023104716
"hsa-miR-374c-5p",-0.0459544942929291,0.879561771034483,-0.225878805079438,0.822891865663088,1,-4.87043725060908
"hsa-miR-30d-5p",-0.0676024937070707,0.553476938689655,-0.224593420269561,0.823882271578366,1,-4.87056766495431
"hsa-miR-431-5p",-0.0343042843434342,0.394444003965517,-0.22210436221367,0.825800961945876,1,-4.87081809874068
"hsa-miR-627-3p",-0.0412269500000007,-1.05854275862069,-0.219400962914414,0.827886118508236,1,-4.87108695329136
"hsa-miR-302b-3p",0.0241654242424252,2.70468186206897,0.219011929392559,0.828186289153064,1,-4.87112537331756
"hsa-miR-539-3p",0.0267776015959597,0.484281021517241,0.213915705055537,0.83212085946317,1,-4.87162239937285
"hsa-miR-455-5p",0.0356652353535354,1.53178724827586,0.211293426621289,0.83414713911204,1,-4.87187360873239
"hsa-miR-520f-3p",0.138877644444443,2.86752668275862,0.206685363606139,0.837710671122605,1,-4.87230758192774
"hsa-miR-495-5p",0.0242692858585859,0.872759968965517,0.206087190002468,0.83817351280067,1,-4.87236321767236
"hsa-miR-629-5p",-0.024670441919192,-0.876491148275862,-0.205096501310329,0.838940195812555,1,-4.8724550079413
"hsa-miR-549a",0.0528805147979802,0.540207632413793,0.204920181904171,0.839076664344634,1,-4.87247129830754
"hsa-miR-325",-0.0185424898989897,1.7342115862069,-0.204913112729156,0.839082135884569,1,-4.8724719511465
"hsa-miR-361-3p",-0.0449012608080808,-0.849019388275862,-0.204680149761257,0.839262453751599,1,-4.87249345275471
"hsa-miR-499b-3p",0.0243113888888891,1.14334147241379,0.202662261318733,0.840824709363047,1,-4.87267867742872
"hsa-miR-520c-3p",-0.0242165555555551,1.78663696551724,-0.201653652361688,0.841605825492482,1,-4.87277057418864
"hsa-miR-190a-5p",0.0164180808080816,1.47453610344828,0.200699572754004,0.842344862540068,1,-4.87285708252694
"hsa-miR-1185-2-3p",0.0359554484848488,1.79560010689655,0.19726007105429,0.845010334831144,1,-4.87316555831272
"hsa-miR-649",0.0409469237373736,-0.885872113793103,0.19656903615824,0.8455460849669,1,-4.87322689405689
"hsa-miR-648",0.0328499237373739,0.569614810344828,0.195794660651652,0.846146537312914,1,-4.87329537237107
"hsa-miR-301a-3p",-0.0326037811111111,0.639605529655172,-0.195794232468128,0.84614686935335,1,-4.87329541016104
"hsa-miR-562",0.0440142843434344,-1.34294286551724,0.194493256427468,0.847155860541785,1,-4.8734098497076
"hsa-miR-133a-5p",0.0297648252525256,1.90420991724138,0.193154119884317,0.848194723240766,1,-4.87352685244118
"hsa-miR-892a",-0.0393667423232323,-0.357271504827586,-0.192828955234073,0.848447018377529,1,-4.87355514117312
"hsa-miR-508-5p",0.0276089570707071,1.00844762413793,0.192535878826324,0.848674430266915,1,-4.8735805976116
"hsa-miR-576-5p",0.0284972272727275,2.65134079310345,0.191197508489334,0.849713103573513,1,-4.87369635746639
"hsa-miR-146a-5p",-0.0252507904040402,1.4520331862069,-0.190573934009695,0.850197136921234,1,-4.87375001771878
"hsa-miR-127-5p",-0.0349809823737371,0.400115582068966,-0.189382030327131,0.851122486171081,1,-4.87385209838776
"hsa-miR-296-5p",0.0350373377777781,0.587134586896552,0.186398369089436,0.85343983244536,1,-4.87410483680511
"hsa-miR-548l",-0.0307445747474746,1.30987087586207,-0.185302127261967,0.854291595951072,1,-4.87419669230115
"hsa-miR-522-3p",-0.0341411590909091,0.0667945551724138,-0.18506289523652,0.854477499465021,1,-4.87421666610424
"hsa-miR-1271-3p",-0.0323439386868688,-0.109288252758621,-0.184883352287714,0.854617025107194,1,-4.8742316394995
"hsa-miR-587",-0.0249482989898986,1.01683119655172,-0.183142110791775,0.855970418838765,1,-4.87437610312779
"hsa-miR-651-3p",0.0362645404040398,-2.14845720689655,0.183055996735687,0.856037363281461,1,-4.87438321231098
"hsa-miR-505-3p",-0.0312527579797979,0.172687754482759,-0.182881539718072,0.856172988244278,1,-4.87439760447473
"hsa-miR-1299",0.0325258944444446,1.3179548137931,0.181003961288176,0.857632922305506,1,-4.87455163341573
"hsa-miR-320b",0.0248688243434337,-0.739805786551724,0.180709907134074,0.857861614292076,1,-4.87457561297925
"hsa-miR-1323",-0.0281431943434347,1.02781058413793,-0.180266188212825,0.858206727428659,1,-4.8746117238804
"hsa-miR-138-5p",0.0204532297979796,1.07783688275862,0.180142508711755,0.858302927243582,1,-4.87462177344705
"hsa-miR-378b",0.0229208420202017,-0.67051909862069,0.178952502048353,0.859228645683632,1,-4.87471811611583
"hsa-miR-374b-5p",0.0287484702020203,0.379727731034483,0.177957575421794,0.860002765817987,1,-4.87479817674378
"hsa-miR-190b",-0.0249471010101009,0.711351362068966,-0.177870982669312,0.860070147542908,1,-4.87480512372332
"hsa-miR-433-3p",0.0428275095959603,1.85992798965517,0.177539311343122,0.860328245874717,1,-4.87483170117622
"hsa-miR-299-5p",-0.0224951111111098,2.61277548275862,-0.17749954199321,0.860359194443598,1,-4.87483488465058
"hsa-miR-192-5p",0.0162524999999993,3.31430624137931,0.176619307720187,0.861044251822316,1,-4.87490516406615
"hsa-miR-514b-5p",0.028379721919192,0.296353946551724,0.176407172058439,0.861209366512808,1,-4.87492204927135
"hsa-miR-4647",0.0225972988888894,0.667162450344828,0.174077104142027,0.863023381494939,1,-4.87510618285362
"hsa-miR-206",-0.0214426075757571,0.920264113793103,-0.172223744047887,0.864466811409784,1,-4.87525090214689
"hsa-miR-877-5p",-0.0200454848484837,1.90144220689655,-0.171201079125665,0.865263485347775,1,-4.87533009569755
"hsa-miR-198",-0.0284744421212122,-0.622512733793103,-0.166481189217131,0.868942217953379,1,-4.87568950376282
"hsa-miR-519d-3p",-0.019852046060606,1.05394549689655,-0.165880706992091,0.869410456281591,1,-4.87573451077805
"hsa-miR-346",-0.0273247334343432,0.846864334827586,-0.16497106788719,0.870119857815333,1,-4.87580238069498
"hsa-miR-503-3p",0.0162517373737372,2.03538589655172,0.161732922916101,0.872646083669437,1,-4.87604096477926
"hsa-miR-517b-3p",-0.0311554654191921,-0.270316068275862,-0.15953164995701,0.874364180722538,1,-4.87620046022223
"hsa-miR-500a-5p+hsa-miR-501-5p",0.0332223878787879,0.266005712068966,0.156293962632865,0.87689233207289,1,-4.87643108936351
"hsa-miR-3613-3p",-0.0157448964646463,0.480708303448276,-0.155487521339325,0.877522249397513,1,-4.87648780071828
"hsa-miR-1269b",0.0329764555555552,-1.17800594482759,0.154445769123275,0.878336090671887,1,-4.87656062670434
"hsa-miR-2278",0.0421347671717169,-1.42433424137931,0.154175409347423,0.878547324236245,1,-4.87657944699409
"hsa-miR-197-3p",-0.0299468914141413,0.886369262068965,-0.152314478443234,0.880001525832554,1,-4.87670809782831
"hsa-miR-196a-3p",-0.0135444378787877,1.14399743793103,-0.149820139186213,0.88195136423287,1,-4.87687809348423
"hsa-miR-627-5p",0.0593406621212114,-1.91554758965517,0.14866819481881,0.882852100431577,1,-4.87695565630884
"hsa-miR-323b-5p",0.0385381924242423,-1.45825254827586,0.147376927201854,0.883861966771262,1,-4.87704189009941
"hsa-miR-892b",0.0278627311919192,-0.15876508337931,0.146548921196885,0.884509633103664,1,-4.87709679131352
"hsa-miR-875-3p",0.0284667865151517,0.158550208275862,0.145720395215496,0.885157787502855,1,-4.87715141811351
"hsa-miR-4458",-0.0240602519191919,-0.245884476896552,-0.145393676798258,0.885413401009356,1,-4.87717287453025
"hsa-miR-298",0.0273780878787873,-1.29902984137931,0.143201907121846,0.887128491194756,1,-4.87731557110629
"hsa-miR-1307-3p",0.0189956818181827,1.85506975862069,0.142250652485861,0.887873034876101,1,-4.87737683016816
"hsa-miR-326",-0.0305747262626266,-2.49063386551724,-0.142174002543488,0.887933033063029,1,-4.87738174854888
"hsa-miR-520a-3p",0.033194707070705,-4.40324879310345,0.141518630795129,0.888446056666353,1,-4.87742369365473
"hsa-miR-337-5p",0.0172139292929296,2.04116031034483,0.140751372319868,0.889046727463886,1,-4.87747255401747
"hsa-miR-3180-3p",-0.0160537287878788,1.57829183793103,-0.139502215786346,0.890024809634311,1,-4.87755153544689
"hsa-miR-513a-5p",-0.0127622373737373,1.65470420689655,-0.134222991755963,0.894160338977044,1,-4.87787756952094
"hsa-miR-934",0.0222422342424242,-0.114352413793103,0.132626566336233,0.895411516009079,1,-4.87797368985764
"hsa-miR-26b-5p",-0.025017970131313,0.0234845043448276,-0.131043501438384,0.896652492465583,1,-4.87806787223603
"hsa-miR-548e-5p",0.0205634186868688,1.50763438965517,0.130358092256185,0.897189872648322,1,-4.87810829958707
"hsa-miR-548z+hsa-miR-548h-3p",0.0167863812121209,-0.62750031862069,0.129024431889084,0.898235642170241,1,-4.8781863561248
"hsa-miR-891a-5p",-0.0170080085707069,0.407967316793103,-0.128693609410704,0.898495080474421,1,-4.87820559449345
"hsa-miR-5001-3p",-0.0385980151515186,-5.18681779310345,-0.128576286904906,0.89858709012355,1,-4.87821240532394
"hsa-miR-34b-3p",-0.0190189494949493,2.37791513793103,-0.124656040566168,0.901662343026606,1,-4.87843641889743
"hsa-miR-188-3p",-0.0306935787373737,1.72436836362069,-0.122672604879978,0.903218852330704,1,-4.87854711997742
"hsa-miR-216a-5p",-0.0147000030303032,0.874244903448276,-0.122409105796694,0.903425663931182,1,-4.87856169320921
"hsa-miR-7-5p",0.0224942626262632,1.07853826206897,0.117591057242687,0.907208390294403,1,-4.87882264661154
"hsa-miR-563",-0.0198892611111117,-1.19292424137931,-0.116734486585095,0.90788113220293,1,-4.87886794461706
"hsa-miR-3614-5p",0.0184741795959598,1.11182574965517,0.115180163103158,0.909102059428851,1,-4.87894929740882
"hsa-miR-1224-3p",0.0243053747474749,0.558567978965517,0.112314248916505,0.911353836865539,1,-4.8790964434974
"hsa-miR-129-2-3p",0.0111373483333335,0.929360763103448,0.107639011303758,0.915028818530049,1,-4.87932854006049
"hsa-miR-744-5p",0.0212808077272726,-0.889945104482759,0.105522787871403,0.916692914972473,1,-4.87943035768415
"hsa-miR-6724-5p",0.0179035838383844,0.885619303448276,0.101649318728085,0.919739815313664,1,-4.87961149095263
"hsa-miR-2110",0.0179807671717169,1.17692939655172,0.09955083196781,0.92139102231628,1,-4.8797067959813
"hsa-miR-3180",-0.00896874424242422,0.364966515862069,-0.095051341053411,0.924932667249312,1,-4.87990445091016
"hsa-miR-1224-5p",0.0204043217676768,0.263732973103448,0.0938950218968696,0.925843086696342,1,-4.87995377121381
"hsa-miR-4443",0.0115947046464646,0.066035615862069,0.0924214803581741,0.927003416886625,1,-4.88001574799309
"hsa-miR-1255b-5p",0.0206620034343435,0.308386772758621,0.0919792982692031,0.927351642149099,1,-4.88003415500929
"hsa-miR-665",0.0100697121212123,1.78879937931034,0.0915671958327081,0.927676192409363,1,-4.8800512304777
"hsa-miR-548g-3p",0.025822364762626,-0.604217512862069,0.0913733729091988,0.927828841560006,1,-4.88005923504435
"hsa-miR-1206",0.00821441040404053,0.46368461862069,0.0873200849394534,0.931021722020061,1,-4.88022274632936
"hsa-miR-1-5p",-0.0136590353535349,-2.64488506896552,-0.0865187764543806,0.931653073702349,1,-4.88025419399495
"hsa-miR-3164",0.0128369989899,1.19477636206897,0.0845336391459295,0.93321735934768,1,-4.88033085371204
"hsa-miR-4431",-0.0172431363636361,2.287921,-0.0834552841935246,0.934067215898889,1,-4.88037175113784
"hsa-miR-761",-0.00975425353535375,-0.817979444827586,-0.0820080114564977,0.935207942447449,1,-4.88042581543987
"hsa-let-7d-5p",0.00946945454545434,1.96042686206897,0.0797363541734865,0.936998722553505,1,-4.88050876950596
"hsa-miR-150-5p",-0.0292273494949491,1.6915760862069,-0.0782787043804168,0.938147986205563,1,-4.88056077203036
"hsa-miR-519e-3p",-0.0100782680303032,-0.522493669655172,-0.0741361499801308,0.941414857696819,1,-4.8807033257101
"hsa-miR-519c-3p",-0.0129031485858585,0.602156254482759,-0.0734060620557203,0.941990723633859,1,-4.88072764680308
"hsa-miR-4461",0.0158055126262628,1.6769539,0.0729766542044665,0.942329439353644,1,-4.88074183912411
"hsa-miR-450b-3p",-0.00555108383838343,0.661895727586207,-0.0699682878094286,0.944702734752867,1,-4.88083893459626
"hsa-miR-376a-3p",0.00763278787878852,2.32541086206897,0.0688240151992579,0.945605586459737,1,-4.88087479385313
"hsa-miR-556-3p",-0.01173219949495,-1.07374207241379,-0.0685174955320929,0.945847448542584,1,-4.88088429922113
"hsa-miR-125a-5p",0.0146359747474745,-2.09125303448276,0.0679523230319065,0.946293416715881,1,-4.88090171439489
"hsa-miR-1291",0.0106989545454552,2.77998972413793,0.0671156498121534,0.946953654058829,1,-4.88092723086931
"hsa-miR-613",0.0126230838383842,0.400768715172414,0.0664497303138337,0.947479173300953,1,-4.88094731395473
"hsa-miR-483-5p",-0.0125788227272721,1.37175937241379,-0.062982765876785,0.950215557724011,1,-4.88104863831124
"hsa-miR-579-3p",-0.0126600321717167,0.682605678275862,-0.0620871038428823,0.95092258221344,1,-4.88107393272489
"hsa-miR-331-5p",0.0153108511919193,0.652382908689655,0.0617062377354987,0.951223245550667,1,-4.88108457903823
"hsa-miR-885-3p",0.00753041111111097,-0.961837848275862,0.0615198486181548,0.951370387521994,1,-4.88108976529082
"hsa-miR-19b-3p",0.0173489417171717,0.12844093862069,0.0595473500546838,0.95292765159375,1,-4.88114368862453
"hsa-miR-377-3p",0.011894097070707,-0.581382324827586,0.0582268225508359,0.953970298441286,1,-4.88117880710434
"hsa-miR-100-5p",-0.00571136632323221,0.308992541448276,-0.0578877137451084,0.954238061513998,1,-4.88118769842254
"hsa-miR-301b-3p",-0.00765915303030384,-1.47471867931034,-0.0545103126934588,0.956905176500764,1,-4.88127341932899
"hsa-miR-370-5p",-0.00832701515151379,2.46688831034483,-0.0531026215230799,0.958016974271177,1,-4.88130762700405
"hsa-miR-617",-0.0113485626262626,-1.10578818275862,-0.0510146993146462,0.959666177789024,1,-4.8813567170396
"hsa-miR-3151-5p",-0.00646975808080807,0.624294848275862,-0.0506442657077225,0.959958794289126,1,-4.88136522088039
"hsa-miR-183-5p",-0.00759415969696897,0.63861118,-0.0489872313166464,0.961267803875945,1,-4.88140250205832
"hsa-miR-567",-0.0075170656565664,-2.17625468965517,-0.0465115114508678,0.963223755182633,1,-4.88145589272438
"hsa-miR-516a-5p",-0.00805182353535372,-0.786016045517241,-0.045348011526335,0.96414306369968,1,-4.88148002847319
"hsa-miR-154-5p",-0.00704923232323251,-2.08518906896552,-0.0447726256218891,0.96459770819385,1,-4.88149173843762
"hsa-miR-153-3p",-0.00639985303030244,1.8814646862069,-0.0436042904962421,0.96552091206015,1,-4.8815150558423
"hsa-miR-449a",0.0142643447474748,0.445456022413793,0.0431191637019577,0.96590426758452,1,-4.88152455680202
"hsa-miR-555",0.00469660101010128,1.6596574137931,0.040447901373407,0.968015291074122,1,-4.88157496840014
"hsa-miR-3605-5p",-0.00563077131313156,-0.432594247586207,-0.0370783190986176,0.970678511868625,1,-4.88163396257984
"hsa-miR-181a-3p",-0.00603119712626277,-0.509852146517241,-0.0362813663523528,0.971308451877936,1,-4.88164716575219
"hsa-miR-652-3p",-0.00636021616161719,-1.68151900689655,-0.0358308027850674,0.971664601833399,1,-4.88165450335102
"hsa-miR-1185-1-3p",-0.00736564641414129,-0.0101760831034483,-0.0314208871112651,0.975150741611238,1,-4.88172148050676
"hsa-miR-1245b-3p",0.00592942809090921,0.245945978413793,0.0302191842841602,0.976100804947552,1,-4.8817382090376
"hsa-miR-933",-0.00573062222222132,0.934391237931035,-0.0295382756072984,0.976639145629245,1,-4.88174739828483
"hsa-miR-548a-5p",0.00551115338383812,-1.00795258862069,0.0289858922282429,0.977075879757659,1,-4.88175469917222
"hsa-miR-424-5p",0.00310172222222316,1.47085579310345,0.0285382681039302,0.977429792772397,1,-4.88176051436689
"hsa-miR-663a",0.0053258737373727,-2.09232689655172,0.0280899867301954,0.977784230128189,1,-4.88176624740673
"hsa-miR-329-5p",0.0037735276767677,0.479612915862069,0.0246380607641404,0.980513672976918,1,-4.88180735354672
"hsa-miR-301a-5p",-0.00287153686868691,1.07085122413793,-0.024319314472298,0.980765718757752,1,-4.88181087781639
"hsa-miR-106a-5p+hsa-miR-17-5p",0.00771826003030185,-1.1651512107931,0.0233184960575897,0.981557119988689,1,-4.88182164528692
"hsa-miR-1307-5p",-0.00219858535353468,1.43397554827586,-0.0226545990757927,0.982082109820728,1,-4.88182853834553
"hsa-miR-577",-0.00247891580808068,0.386279191034483,-0.0210236806568549,0.983371825412594,1,-4.88184462650998
"hsa-miR-489-3p",0.00181023535353553,0.647982996551724,0.0206238135702136,0.983688043823134,1,-4.881848387605
"hsa-miR-3605-3p",0.00484980404040392,-1.68175734137931,0.020498225459453,0.983787360565467,1,-4.88184955396655
"hsa-miR-631",0.00215322088888892,0.526152465068966,0.0175154867491493,0.986146224009776,1,-4.88187516145109
"hsa-miR-566",-0.00197863636363671,-1.72251151724138,-0.0137539933553877,0.989121135449502,1,-4.88190172555158
"hsa-let-7g-5p",0.00211905454545464,0.178002739310345,0.0132883063289635,0.989489452635907,1,-4.8819045697078
"hsa-miR-548e-3p",-0.00264388614141425,0.413445236413793,-0.0114388398134599,0.990952239294362,1,-4.88191489819802
"hsa-miR-10a-5p",0.00105633611111111,0.378543513103448,0.00535815417053684,0.995761794773515,1,-4.88193796578873
"hsa-miR-758-5p",-0.000782842969696884,-0.498666731103448,-0.00524948341860659,0.995847750591737,1,-4.88193822613459
"hsa-miR-589-5p",0.000619358585858709,1.27365960689655,0.00485120460431589,0.99616277949347,1,-4.88193913470285
"hsa-miR-1253",-0.000808129797979618,-1.33850919310345,-0.00177665195452922,0.998594693519004,1,-4.88194373700069
"hsa-miR-323a-3p",-0.000193398535353773,-0.23846196862069,-0.00140338918163379,0.998889938847618,1,-4.8819440050825
"hsa-let-7a-5p",0,0,0,1,1,-4.88194444989422
"hsa-miR-128-3p",0,0,0,1,1,-4.88194444989422
"hsa-miR-1283",0,0,0,1,1,-4.88194444989422
"hsa-miR-143-3p",0,0,0,1,1,-4.88194444989422
"hsa-miR-378e",0,0,0,1,1,-4.88194444989422
"hsa-miR-422a",0,0,0,1,1,-4.88194444989422
"hsa-miR-494-3p",0,0,0,1,1,-4.88194444989422
"hsa-miR-502-5p",4.32172777777778e-18,-6.95451724137931e-19,1.52758524830918e-16,1,1,-4.88194444989422
"hsa-miR-570-3p",0,0,0,1,1,-4.88194444989422
